Country,Is Non-Muslim,Source,Language,Localization name,Code,country_id,localization_id,Default translation,Translated by,Translation ID,Description,URL
"UK, US",Yes,QuranEnc,English,English,en,1,1,1,Rowwad Translation Center,english_rwwad,Translated by Rowwad Translation Center,https://quranenc.com/en/browse/english_rwwad
"UK, US",Yes,QuranEnc,English,English,en,1,1,1,Noor International,english_saheeh,Issued by Noor International,https://quranenc.com/en/browse/english_saheeh
"UK, US",Yes,QuranEnc,English,English,en,1,1,1,Taqiuddin Hilali & Mohsin Khan,english_hilali_khan,Translated by Taqiuddin Hilali and Mohsin Khan,https://quranenc.com/en/browse/english_hilali_khan
"UK, US",Yes,QuranEnc,English,English,en,1,1,1,Dr. Waleed Bleyhesh Omary,english_waleed,Translated by Dr. Waleed Bleyhesh Omary,https://quranenc.com/en/browse/english_waleed
France,Yes,QuranEnc,French,French,fr,2,2,1,Rashid Maash,french_rashid,Translated by Rashid Maash,https://quranenc.com/en/browse/french_rashid
France,Yes,QuranEnc,French,French,fr,2,2,1,Noor International (Dr. Nabil Rudwan),french_montada,Translated by Dr. Nabil Rudwan - issued by Noor International Center,https://quranenc.com/en/browse/french_montada
France,Yes,QuranEnc,French,French,fr,2,2,1,Muhammad Hamidullah,french_hameedullah,"Translated by Muhammad Hamidullah, supervised by Rowwad Translation Center. Original translation available for review/development.",https://quranenc.com/en/browse/french_hameedullah
Spain,Yes,QuranEnc,Spanish,Spanish,es,3,3,1,Noor International,spanish_montada_eu,Issued by Noor International,https://quranenc.com/en/browse/spanish_montada_eu
Spain,Yes,QuranEnc,Spanish,Spanish,es,3,3,1,Muhammad Isa Garcia,spanish_garcia,Translated by Muhammad Isa Garcia,https://quranenc.com/en/browse/spanish_garcia
Spain,Yes,QuranEnc,Spanish (Latin),Spanish,es,3,3,1,Noor International,spanish_montada_latin,Latin version issued by Noor International Center,https://quranenc.com/en/browse/spanish_montada_latin
Portugal,Yes,QuranEnc,Portuguese,Portuguese,pt,4,4,1,Helmi Nasr,portuguese_nasr,"Translated by Dr. Helmi Nasr, supervised by Rowwad Translation Center.",https://quranenc.com/en/browse/portuguese_nasr
Greece,Yes,QuranEnc,Greek,Greek,el,5,5,1,Rowwad Translation Center,greek_rwwad,"Translated by Rowwad Translation Center, in cooperation with Islamic Propagation Office (Rabwah).",https://quranenc.com/en/browse/greek_rwwad
Germany,Yes,QuranEnc,German,German,de,6,6,1,Frank Bubenheim & Dr. Nadim Elias,german_bubenheim,Translated by Abdullah as-Samit (Frank Bubenheim) and Dr. Nadim Elias.,https://quranenc.com/en/browse/german_bubenheim
Germany,Yes,QuranEnc,German,German,de,6,6,1,Abu Rida,german_aburida,Translated by Ali Abu Rida Muhammad ibn Ahmad ibn Rasool.,https://quranenc.com/en/browse/german_aburida
Germany,Yes,QuranEnc,German,German,de,6,6,1,Rowwad Translation Center,german_rwwad,"Translated by Rowwad Translation Center, in cooperation with Islamic Propagation Office (Rabwah).",https://quranenc.com/en/browse/german_rwwad
Italy,Yes,QuranEnc,Italian,Italian,it,7,7,1,Rowwad Translation Center,italian_rwwad,"Translated by Rowwad Translation Center, in cooperation with Islamic Propagation Office (Rabwah).",https://quranenc.com/en/browse/italian_rwwad
Bulgaria,Yes,QuranEnc,Bulgarian,Bulgarian,bg,8,8,1,Unknown,bulgarian_translation,Translation of the Quran's meanings into Bulgarian.,https://quranenc.com/en/browse/bulgarian_translation
Romania,Yes,QuranEnc,Romanian,Romanian,ro,9,9,1,Islam4ro.com,romanian_project,Translation of the Noble Quran's meanings into Romanian. Issued by islam4ro.com.,https://quranenc.com/en/browse/romanian_project
Netherlands,Yes,QuranEnc,Dutch,Dutch,nl,10,10,1,Rowwad Translation Center,dutch_center,"Issued by Dutch Islamic Center, supervised by Rowwad Translation Center.",https://quranenc.com/en/browse/dutch_center
Turkey,No,QuranEnc,Turkish,Turkish,tr,11,11,1,Rowwad Translation Center,turkish_rwwad,"Translated by Rowwad Translation Center, in cooperation with Islamic Propagation Office (Rabwah).",https://quranenc.com/en/browse/turkish_rwwad
Turkey,No,QuranEnc,Turkish,Turkish,tr,11,11,1,Shaaban British,turkish_shaban,"Translated by Shaaban British, supervised by Rowwad Translation Center. Original translation available for review.",https://quranenc.com/en/browse/turkish_shaban
Turkey,No,QuranEnc,Turkish,Turkish,tr,11,11,1,Dr. Ali Ozek and others,turkish_shahin,"Translated by Ali Ozek and others, supervised by Rowwad Translation Center. Original translation available for review.",https://quranenc.com/en/browse/turkish_shahin
Azerbaijan,No,QuranEnc,Azerbaijani,Azerbaijani,az,12,12,1,Alikhan Musayev,azeri_musayev,"Translated by Alikhan Musayev, supervised by Rowwad Translation Center. Original translation available for review.",https://quranenc.com/en/browse/azeri_musayev
Georgia,Yes,QuranEnc,Georgian,Georgian,ka,13,13,1,Rowwad Translation Center,georgian_rwwad,"Translated by Rowwad Translation Center, in cooperation with Islamic Propagation Office (Rabwah).",https://quranenc.com/en/browse/georgian_rwwad
North Macedonia,Yes,QuranEnc,Macedonian,Macedonian,mk,14,14,1,Group of Macedonian scholars,macedonian_group,Translated and reviewed by a group of Macedonian scholars.,https://quranenc.com/en/browse/macedonian_group
"Albania, Kosovo",No,QuranEnc,Albanian,Albanian,sq,15,15,1,Hasan Nahi,albanian_nahi,"Translated by Hasan Nahi, issued by Albanian Institute of Islamic Thought and Civilization.",https://quranenc.com/en/browse/albanian_nahi
"Albania, Kosovo",No,QuranEnc,Albanian,Albanian,sq,15,15,1,Rowwad Translation Center,albanian_rwwad,"Translated by Rowwad Translation Center, in cooperation with Islamic Propagation Office (Rabwah).",https://quranenc.com/en/browse/albanian_rwwad
Bosnia ,No,QuranEnc,Bosnian,Bosnian,bs,16,16,1,Rowwad Translation Center,bosnian_rwwad,"Translated by Rowwad Translation Center, in cooperation with Islamic Propagation Office (Rabwah).",https://quranenc.com/en/browse/bosnian_rwwad
Bosnia ,No,QuranEnc,Bosnian,Bosnian,bs,16,16,1,Muhammad Mihanovich,bosnian_mihanovich,"Translated by Muhammad Mihanovich, supervised by Rowwad Translation Center. Original translation available for review.",https://quranenc.com/en/browse/bosnian_mihanovich
Bosnia ,No,QuranEnc,Bosnian,Bosnian,bs,16,16,1,Besim Korkut,bosnian_korkut,"Translated by Besim Korkut, supervised by Rowwad Translation Center. Original translation available for review.",https://quranenc.com/en/browse/bosnian_korkut
Russia,Yes,QuranEnc,Russian,Russian,ru,17,17,1,Abu Adel,russian_aboadel,Translated by Abu Adel.,https://quranenc.com/en/browse/russian_aboadel
Serbia,Yes,QuranEnc,Serbian,Serbian,sr,18,18,1,Rowwad Translation Center,serbian_rwwad,"Translated by Rowwad Translation Center, in cooperation with Islamic Propagation Office (Rabwah).",https://quranenc.com/en/browse/serbian_rwwad
Croatia,Yes,QuranEnc,Croatian,Croatian,hr,19,19,1,Rowwad Translation Center,croatian_rwwad,"Translated by Rowwad Translation Center, in cooperation with Islamic Propagation Office (Rabwah).",https://quranenc.com/en/browse/croatian_rwwad
Lithuania,Yes,QuranEnc,Lithuanian,Lithuanian,lt,20,20,1,Rowwad Translation Center,lithuanian_rwwad,"Translated by Rowwad Translation Center, in cooperation with Islamic Propagation Office (Rabwah).",https://quranenc.com/en/browse/lithuanian_rwwad
Ukraine,Yes,QuranEnc,Ukrainian,Ukrainian,uk,21,21,1,Mikhailo Yakubovych,ukrainian_yakubovych,"Translated by Dr. Mikhailo Yakubovych, supervised by Rowwad Translation Center. Original translation available for review.",https://quranenc.com/en/browse/ukrainian_yakubovych
Kazakhstan,No,QuranEnc,Kazakh,Kazakh,kk,22,22,1,Khalifa Altai,kazakh_altai,"Translated by Khalifa Altai, supervised by Rowwad Translation Center. Original translation available for review.",https://quranenc.com/en/browse/kazakh_altai
Uzbekistan,No,QuranEnc,Uzbek,Uzbek,uz,23,23,1,Rowwad Translation Center,uzbek_rwwad,"Translated by Rowwad Translation Center, in cooperation with Islamic Propagation Office (Rabwah).",https://quranenc.com/en/browse/uzbek_rwwad
Uzbekistan,No,QuranEnc,Uzbek,Uzbek,uz,23,23,1,Muhammad Sadiq Muhammad Yusuf,uzbek_sadiq,"Translated by Muhammad Sadiq Muhammad Yusuf, supervised by Rowwad Translation Center. Original translation available for review.",https://quranenc.com/en/browse/uzbek_sadiq
Uzbekistan,No,QuranEnc,Uzbek,Uzbek,uz,23,23,1,Alaauddin Mansour,uzbek_mansour,"Translated by Alaauddin Mansour, supervised by Rowwad Translation Center. Original translation available for review.",https://quranenc.com/en/browse/uzbek_mansour
Tajikistan,No,QuranEnc,Tajik,Tajik,tg,24,24,1,Rowwad Translation Center,tajik_arifi,"Translated by Rowwad Translation Center, in cooperation with Islamic Propagation Office (Rabwah).",https://quranenc.com/en/browse/tajik_arifi
Tajikistan,No,QuranEnc,Tajik,Tajik,tg,24,24,1,Khoja Mirov Khoja Mir,tajik_khawaja,"Translated by Khoja Mirov Khoja Mir, supervised by Rowwad Translation Center. Original translation available for review.",https://quranenc.com/en/browse/tajik_khawaja
Kyrgyzstan,No,QuranEnc,Kyrgyz,Kyrgyz,ky,25,25,1,Shamsuddin Hakimov,kyrgyz_hakimov,"Translated by Shamsuddin Hakimov Abdulkhaliq, supervised by Rowwad Translation Center.",https://quranenc.com/en/browse/kyrgyz_hakimov
Indonesia,No,QuranEnc,Indonesian,Indonesian,id,26,26,1,Sabeq Company,indonesian_sabiq,"Issued by Sabeq Company, supervised by Rowwad Translation Center. Original translation available for review.",https://quranenc.com/en/browse/indonesian_sabiq
Indonesia,No,QuranEnc,Indonesian,Indonesian,id,26,26,1,Ministry of Religious Affairs,indonesian_affairs,"Issued by Indonesian Ministry of Religious Affairs, supervised by Rowwad Translation Center. Original translation available for review.",https://quranenc.com/en/browse/indonesian_affairs
Indonesia,No,QuranEnc,Indonesian,Indonesian,id,26,26,1,The Assembly,indonesian_complex,"Issued by Indonesian Ministry of Religious Affairs, supervised by Rowwad Translation Center. Original translation available for review.",https://quranenc.com/en/browse/indonesian_complex
Indonesia,No,QuranEnc,Indonesian,Indonesian,id,26,26,1,Al-Mukhtsar,indonesian_mokhtasar,Issued by Tafsir Center for Quranic Studies ,https://quranenc.com/en/browse/indonesian_mokhtasar
Philippines,Yes,QuranEnc,Filipino (Tagalog),Tagalog,tl,27,27,1,Rowwad Translation Center,tagalog_rwwad,"Translated by Rowwad Translation Center, in cooperation with Islamic Propagation Office (Rabwah).",https://quranenc.com/en/browse/tagalog_rwwad
Philippines,Yes,QuranEnc,Filipino,Cebuano,ceb,27,27,1,Rowwad Translation Center,bisayan_rwwad,"Translated by Rowwad Translation Center, in cooperation with Islamic Propagation Office (Rabwah).",https://quranenc.com/en/browse/bisayan_rwwad
Philippines (Mindanao region),Yes,QuranEnc,Iranun,Iranun,ilp,27,27,1,Abdulaziz Gru Alam Saro Mentang,iranun_sarro,Translated by Sh. Abdulaziz Gru Alam Saro Mentang.,https://quranenc.com/en/browse/iranun_sarro
Philippines (Mindanao region),Yes,QuranEnc,Maguindanao,Maguindanao,mdh,27,27,1,Rowwad Translation Center,maguindanao_rwwad,"Translated by Rowwad Translation Center, in cooperation with Islamic Propagation Office (Rabwah).",https://quranenc.com/en/browse/maguindanao_rwwad
Malaysia,No,QuranEnc,Malay,Malay,ms,28,28,1,Abdullah Basumayyah,malay_basumayyah,Translated by Abdullah Basumayyah.,https://quranenc.com/en/browse/malay_basumayyah
China,Yes,QuranEnc,Chinese,Chinese,zh,29,29,1,Muhammad Sulaiman,chinese_suliman,"Translated by Muhammad Makin, reviewed by Muhammad Sulaiman and language experts.",https://quranenc.com/en/browse/chinese_suliman
China,Yes,QuranEnc,Chinese,Chinese,zh,29,29,1,Muhammad Makin,chinese_makin,"Translated by Muhammad Makin, supervised by Rowwad Translation Center. Original translation available for review.",https://quranenc.com/en/browse/chinese_makin
China,Yes,QuranEnc,Chinese,Chinese,zh,29,29,1,Ma Yulong (Basair Endowment),chinese_mayolong,Translated by Ma Yulong. Issued by Basair Endowment for serving the Noble Quran.,https://quranenc.com/en/browse/chinese_mayolong
China (Xinjiang region),No,QuranEnc,Uyghur,Uyghur,ug,29,29,1,Muhammad Saleh,uyghur_saleh,"Translated by Muhammad Saleh, supervised by Rowwad Translation Center. Original translation available for review.",https://quranenc.com/en/browse/uyghur_saleh
Japan,Yes,QuranEnc,Japanese,Japanese,ja,30,30,1,Saeed Sato,japanese_saeedsato,"Translated by Saeed Sato, supervised by Rowwad Translation Center. Original translation available for review.",https://quranenc.com/en/browse/japanese_saeedsato
"South Korea, North Korea",Yes,QuranEnc,Korean,Korean,ko,31,31,1,Hamed Choi,korean_hamid,"Translated by Hamed Choi, supervised by Rowwad Translation Center. Original translation available for review.",https://quranenc.com/en/browse/korean_hamid
"South Korea, North Korea",Yes,QuranEnc,Korean,Korean,ko,31,31,1,Rowwad Translation Center,korean_rwwad,"Translated by Rowwad Translation Center, in cooperation with Islamic Propagation Office (Rabwah).",https://quranenc.com/en/browse/korean_rwwad
Vietnam,Yes,QuranEnc,Vietnamese,Vietnamese,vi,32,32,1,Rowwad Translation Center,vietnamese_rwwad,"Translated by Rowwad Translation Center, in cooperation with Islamic Propagation Office (Rabwah).",https://quranenc.com/en/browse/vietnamese_rwwad
Vietnam,Yes,QuranEnc,Vietnamese,Vietnamese,vi,32,32,1,Hasan Abdulkarim,vietnamese_hassan,"Translated by Hasan Abdulkarim, supervised by Rowwad Translation Center. Original translation available for review.",https://quranenc.com/en/browse/vietnamese_hassan
Thailand,Yes,QuranEnc,Thai,Thai,th,33,33,1,Group of seekers of knowledge,thai_complex,"Issued by Association of Graduates of Universities and Institutes in Thailand, supervised by Rowwad Translation Center. Original translation available for review.",https://quranenc.com/en/browse/thai_complex
Thailand,Yes,QuranEnc,Thai,Thai,th,33,33,1,Al-Mukhtsar,thai_mokhtasar,Issued by Tafsir Center for Quranic Studies,https://quranenc.com/en/browse/thai_mokhtasar
Cambodia,Yes,QuranEnc,Khmer,Khmer,km,34,34,1,Rowwad Translation Center,khmer_rwwad,"Translated by Rowwad Translation Center, in cooperation with Islamic Propagation Office (Rabwah).",https://quranenc.com/en/browse/khmer_rwwad
Cambodia,Yes,QuranEnc,Khmer,Khmer,km,34,34,1,Islamic Community Development Association,khmer_cambodia,"Translated by Rowwad Translation Center, in cooperation with Islamic Propagation Office (Rabwah).",https://quranenc.com/en/browse/khmer_cambodia
Iran,No,QuranEnc,Persian,Persian,fa,35,35,1,Rowwad Translation Center,persian_ih,"Translated by Rowwad Translation Center, in cooperation with Islamic Propagation Office (Rabwah).",https://quranenc.com/en/browse/persian_ih
Iran,No,QuranEnc,Persian,Persian,fa,35,35,1,Saadi,persian_saadi,Translation of Saadi's interpretation into Persian.,https://quranenc.com/en/browse/persian_saadi
Afghanistan,No,QuranEnc,Dari,Dari,prs,36,36,1,Muhammad Anwar Badakhshani,dari_badkhashani,Translated by Mawlawi Muhammad Anwar Badakhshani.,https://quranenc.com/en/browse/dari_badkhashani
"Iraq, Iran, Syria, Turkey",No,QuranEnc,Kurdish,Kurdish (Sorani),ckb,37,37,1,Muhammad Salih Bamoki,kurdish_bamoki,"Translated by Muhammad Salih Bamoki, supervised by Rowwad Translation Center. Original translation available for review.",https://quranenc.com/en/browse/kurdish_bamoki
"Iraq, Iran, Syria, Turkey",No,QuranEnc,Kurdish,Kurdish (Sorani),ckb,37,37,1,Salahuddin Abdulkarim,kurdish_salahuddin,Translated by Salahuddin Abdulkarim.,https://quranenc.com/en/browse/kurdish_salahuddin
"Turkey, Syria, Iraq, Armenia",Mixed,QuranEnc,Kurdish (Kurmanji),Kurdish (Kurmanji),kmr,38,38,1,Dr. Ismail Segari,kurmanji_ismail,Translated by Dr. Ismail Segari.,https://quranenc.com/en/browse/kurmanji_ismail
"Afghanistan, Pakistan",No,QuranEnc,Pashto,Pashto,ps,39,39,1,Rowwad Translation Center,pashto_rwwad,"Translated by Rowwad Translation Center, in cooperation with Islamic Propagation Office (Rabwah).",https://quranenc.com/en/browse/pashto_rwwad
"Afghanistan, Pakistan",No,QuranEnc,Pashto,Pashto,ps,39,39,1,Abu Zakaria Abdussalam,pashto_zakaria,Translated by Abu Zakaria Abdussalam.,https://quranenc.com/en/browse/pashto_zakaria
"Afghanistan, Pakistan",No,QuranEnc,Pashto,Pashto,ps,39,39,1,Maulvi Janbaz Sarfaraz,pashto_sarfaraz,Translation of the meanings of the Noble Quran into Pashto language by Maulvi Janbaz Sarfaraz.,https://quranenc.com/en/browse/pashto_sarfaraz
Israel,Yes,QuranEnc,Hebrew,Hebrew,he,40,40,1,Darussalam Association,hebrew_darussalam,Issued by Darussalam Center in Jerusalem.,https://quranenc.com/en/browse/hebrew_darussalam
"Pakistan, India",Mixed,QuranEnc,Urdu,Urdu,ur,41,41,1,Muhammad Junagarhi,urdu_junagarhi,"Translated by Muhammad Ibrahim Junagarhi, supervised by Rowwad Translation Center. Original translation available for review.",https://quranenc.com/en/browse/urdu_junagarhi
India,Yes,QuranEnc,Hindi,Hindi,hi,42,42,1,Azizul Haq Al-Omari,hindi_omari,Translated by Azizul Haq Al-Omari.,https://quranenc.com/en/browse/hindi_omari
"Bangladesh, India",Mixed,QuranEnc,Bengali,Bengali,bn,43,43,1,Abu Bakr Muhammad Zakaria,bengali_zakaria,Bengali translation of Dr. Abu Bakr Muhammad Zakaria.,https://quranenc.com/en/browse/bengali_zakaria
India,Yes,QuranEnc,Marathi,Marathi,mr,42,42,1,Muhammad Shafi Ansari,marathi_ansari,Translated by Muhammad Shafi Ansari.,https://quranenc.com/en/browse/marathi_ansari
India,Yes,QuranEnc,Telugu,Telugu,te,42,42,1,Abdurrahim ibn Muhammad,telugu_muhammad,Translated by Abdurrahim ibn Muhammad.,https://quranenc.com/en/browse/telugu_muhammad
India,Yes,QuranEnc,Gujarati,Gujarati,gu,42,42,1,Rabila Al-Omari,gujarati_omari,"Translated by Rabella Al-Omari, supervised by Rowwad Translation Center.",https://quranenc.com/en/browse/gujarati_omari
India,Yes,QuranEnc,Malayalam,Malayalam,ml,42,42,1,Abdulhamid Haidar Al-Madany & Kunhi Muhammad,malayalam_kunhi,Translated by Abdulhamid Haidar Al-Madany & Kunhi Muhammad.,https://quranenc.com/en/browse/malayalam_kunhi
India,Yes,QuranEnc,Kannada,Kannada,kn,42,42,1,Muhammad Hamza Batur,kannada_hamza,"Translated by Muhammad Hamza Batur, supervised by Rowwad Translation Center.",https://quranenc.com/en/browse/kannada_hamza
India,Yes,QuranEnc,Kannada,Kannada,kn,42,42,1,Sh. Bashir Misuri,kannada_bashir,"Translated by Sh. Bashir Misuri, supervised by Rowwad Translation Center.",https://quranenc.com/en/browse/kannada_bashir
India,Yes,QuranEnc,Assamese,Assamese,as,42,42,1,Rafiqul Islam Habibur Rahman,assamese_rafeeq,Translated by Rafiqul Islam Habibur Rahman.,https://quranenc.com/en/browse/assamese_rafeeq
"India, Pakistan",Mixed,QuranEnc,Punjabi,Punjabi,pa,44,44,1,Arif Halim,punjabi_arif,Translated by Aref Halim.,https://quranenc.com/en/browse/punjabi_arif
"India, Sri Lanka",Yes,QuranEnc,Tamil,Tamil,ta,45,45,1,Omar Sharif ibn Abdussalam,tamil_omar,Translated by Sh. Omar Sharif ibn Abdussalam.,https://quranenc.com/en/browse/tamil_omar
"India, Sri Lanka",Yes,QuranEnc,Tamil,Tamil,ta,45,45,1,Abdulhamid Albaqoi,tamil_baqavi,Translated by Abdulhamid Albaqoi.,https://quranenc.com/en/browse/tamil_baqavi
Sri Lanka,Yes,QuranEnc,Sinhalese,Sinhala,si,46,46,1,Rowwad Translation Center,sinhalese_mahir,"Translated by Rowwad Translation Center, in cooperation with Islamic Propagation Office (Rabwah).",https://quranenc.com/en/browse/sinhalese_mahir
Nepal,Yes,QuranEnc,Nepali,Nepali,ne,47,47,1,Ahlul Hadith Association,nepali_central,Issued by Central Society of Ahlul-Hadith in Nepal.,https://quranenc.com/en/browse/nepali_central
"Kenya, Tanzania, Uganda",Yes,QuranEnc,Swahili,Swahili,sw,48,48,1,Rowwad Translation Center,swahili_rwwad,"Translated by Rowwad Translation Center, in cooperation with Islamic Propagation Office (Rabwah).",https://quranenc.com/en/browse/swahili_rwwad
"Kenya, Tanzania, Uganda",Yes,QuranEnc,Swahili,Swahili,sw,48,48,1,Ali Muhsen Al-Berwani,swahili_barawani,Translated by Ali Muhsen Al-Berwani.,https://quranenc.com/en/browse/swahili_barawani
"Kenya, Tanzania, Uganda",Yes,QuranEnc,Swahili,Swahili,sw,48,48,1,Dr. Abdullah Muhammad Abu Bakr & Sh. Naser Khamis,swahili_abubakr,Translated by Dr. Abdullah Muhammad Abu Bakr & Sh. Naser Khamis.,https://quranenc.com/en/browse/swahili_abubakr
Somalia,No,QuranEnc,Somali,Somali,so,49,49,1,Abdullah Hasan Yaqoub,somali_yacob,Translated by Abdullah Hasan Yaqoub.,https://quranenc.com/en/browse/somali_yacob
Ethiopia,Yes,QuranEnc,Amharic,Amharic,am,50,50,1,Africa Academy (Muhammad Zain Zahruddin),amharic_zain,Translated by Muhammad Zain Zahruddin. Published by Africa Academy.,https://quranenc.com/en/browse/amharic_zain
Ethiopia,Yes,QuranEnc,Amharic,Amharic,am,50,50,1,Muhammad Sadiq & Muhammad Sani Habib,amharic_sadiq,"Translated by Sh. Muhammed Sadiq and Muhammed Sani Habib, supervised by Rowwad Translation Center. Original translation available for review.",https://quranenc.com/en/browse/amharic_sadiq
Nigeria,Yes,QuranEnc,Yoruba,Yoruba,yo,51,51,1,Abu Rahima Mikael Ekoyini,yoruba_mikail,Translated by Sh. Abu Rahima Mikael Ekoyini.,https://quranenc.com/en/browse/yoruba_mikail
"Nigeria, Niger",Mixed,QuranEnc,Hausa,Hausa,ha,52,52,1,Abu Bakr Mahmoud Jomy,hausa_gummi,"Translated by Abu Bakr Mahmoud Jomy, supervised by Rowwad Translation Center. Original translation available for review.",https://quranenc.com/en/browse/hausa_gummi
Ethiopia,Yes,QuranEnc,Oromo,Oromo,om,50,50,1,Gali Ababor,oromo_ababor,Translated by Gali Ababor.,https://quranenc.com/en/browse/oromo_ababor
Madagascar,Yes,QuranEnc,Malagasy,Malagasy,mg,53,53,1,Rowwad Translation Center,malagasy_rwwad,"Translated by Rowwad Translation Center, in cooperation with Islamic Propagation Office (Rabwah).",https://quranenc.com/en/browse/malagasy_rwwad
Kenya,Yes,QuranEnc,Luhya,Luhya,luy,54,54,1,International Society for Science and Culture,luhya_center,Issued by International Society for Science and Culture.,https://quranenc.com/en/browse/luhya_center
"Ethiopia, Djibouti, Eritrea",Mixed,QuranEnc,Afar,Afar,aa,55,55,1,Mahmoud Abdulqader Hamza (Group of scholars),afar_hamza,Translated by a group of scholars headed by Sh. Mahmoud Abdulqader Hamza.,https://quranenc.com/en/browse/afar_hamza
Uganda,Yes,QuranEnc,Luganda,Luganda,lg,56,56,1,African Development Foundation,luganda_foundation,Issued by African Development Foundation.,https://quranenc.com/en/browse/luganda_foundation
"Guinea, Mali, etc",No,QuranEnc,N'ko,N'ko,nqo,57,57,1,Fudi Sulaiman Kanti,ankobambara_foudi,Translated by Fudi Sulaiman Kanti.,https://quranenc.com/en/browse/ankobambara_foudi
"Guinea, Mali, etc",No,QuranEnc,N'ko,N'ko,nqo,57,57,1,"Karamo, Baba Mamadi Jani",ankobambara_dayyan,"Translated by Karamo, Baba Mamadi Jani.",https://quranenc.com/en/browse/ankobambara_dayyan
Rwanda,Yes,QuranEnc,Kinyarwanda,Kinyarwanda,rw,58,58,1,Rwanda Muslim Association,kinyarwanda_assoc,Issued by Rwanda Muslim Association.,https://quranenc.com/en/browse/kinyarwanda_assoc
Burundi,Yes,QuranEnc,Kirundi,Kirundi,rn,59,59,1,Yusuf Gheti,ikirundi_gehiti,Translated by Yusuf Gheti - Issued by African Development Foundation.,https://quranenc.com/en/browse/ikirundi_gehiti
Burkina Faso,Mixed,QuranEnc,Moore,Moore,mos,60,60,1,Rowwad Translation Center,moore_rwwad,"Translated by Rowwad Translation Center, in cooperation with Islamic Propagation Office (Rabwah).",https://quranenc.com/en/browse/moore_rwwad
Ghana,Yes,QuranEnc,Dagbani,Dagbani,dag,61,61,1,Muhammad Baba Ghatubo,dagbani_ghatubo,Translated by Muhammad Baba Ghatubo.,https://quranenc.com/en/browse/dagbani_ghatubo
"Malawi, Zambia",Yes,QuranEnc,Chewa,Chewa,ny,62,62,1,Khalid Ibrahim Betala,chichewa_betala,Translated by Khalid Ibrahim Betala.,https://quranenc.com/en/browse/chichewa_betala
Ghana,Yes,QuranEnc,Asante,Asante Twi,tw,61,61,1,Harun Ismail,asante_harun,Translated by Sh. Harun Ismail.,https://quranenc.com/en/browse/asante_harun
Ghana,Yes,QuranEnc,Yaw,Yaw,jaw,61,61,1,Muhammad ibn Abdulhamid Slika,yaw_silika,Translated by Muhammad ibn Abdulhamid Slika.,https://quranenc.com/en/browse/yaw_silika
"Senegal, Mali",No,QuranEnc,Fulani,Fulani,ff,63,63,1,Rowwad Translation Center,fulani_rwwad,"Translated by Rowwad Translation Center, in cooperation with Islamic Propagation Office (Rabwah).",https://quranenc.com/en/browse/fulani_rwwad
"DR Congo, Congo-Brazzaville",Yes,QuranEnc,Lingala,Lingala,ln,64,64,1,Zakaria Mohammed Balangogo,lingala_zakaria,Translated by Zakaria Mohammed Balangogo.,https://quranenc.com/en/browse/lingala_zakaria
Saudi Arabia,No,QuranEnc,Arabic (Tafsir),Arabic,ar,65,65,1,Tafsir Center for Quranic Studies,arabic_mokhtasar,Turkish translation of Al-Mukhtasar in interpretation of the Noble Quran in Arabic.,https://quranenc.com/en/browse/arabic_mokhtasar
Indonesia,No,QuranEnc,Indonesian (Tafsir),Indonesian,id,26,26,1,Tafsir Center for Quranic Studies,indonesian_mokhtasar,Issued by Tafsir Center for Quranic Studies.,https://quranenc.com/en/browse/indonesian_mokhtasar
Iran,No,QuranEnc,Persian (Tafsir),Persian,fa,35,35,1,Tafsir Center for Quranic Studies,persian_mokhtasar,Issued by Tafsir Center for Quranic Studies.,https://quranenc.com/en/browse/persian_mokhtasar
Turkey,No,QuranEnc,Turkish (Tafsir),Turkish,tr,11,11,1,Tafsir Center for Quranic Studies,turkish_mokhtasar,Issued by Tafsir Center for Quranic Studies.,https://quranenc.com/en/browse/turkish_mokhtasar
Bosnia,No,QuranEnc,Bosnian (Tafsir),Bosnian,bs,66,66,1,Tafsir Center for Quranic Studies,bosnian_mokhtasar,Issued by Tafsir Center for Quranic Studies.,https://quranenc.com/en/browse/bosnian_mokhtasar
"Bangladesh, India",Mixed,QuranEnc,Bengali (Tafsir),Bengali,bn,43,43,1,Tafsir Center for Quranic Studies,bengali_mokhtasar,Issued by Tafsir Center for Quranic Studies.,https://quranenc.com/en/browse/bengali_mokhtasar
India (Kerala),Yes,QuranEnc,Malayalam (Tafsir),Malayalam,ml,42,42,1,Tafsir Center for Quranic Studies,malayalam_mokhtasar,Issued by Tafsir Center for Quranic Studies.,https://quranenc.com/en/browse/malayalam_mokhtasar
India (Assam),Yes,QuranEnc,Assamese (Tafsir),Assamese,as,42,42,1,Tafsir Center for Quranic Studies,assamese_mokhtasar,Issued by Tafsir Center for Quranic Studies.,https://quranenc.com/en/browse/assamese_mokhtasar
Cambodia,Yes,QuranEnc,Khmer (Tafsir),Khmer,km,34,34,1,Tafsir Center for Quranic Studies,khmer_mokhtasar,Issued by Tafsir Center for Quranic Studies.,https://quranenc.com/en/browse/khmer_mokhtasar
"Spain, Latin America",Yes,QuranEnc,Spanish (Tafsir),Spanish,es,67,67,1,Tafsir Center for Quranic Studies,spanish_mokhtasar,Issued by Tafsir Center for Quranic Studies.,https://quranenc.com/en/browse/spanish_mokhtasar
Philippines,Yes,QuranEnc,Tagalog (Tafsir),Tagalog,tl,27,27,1,Tafsir Center for Quranic Studies,tagalog_mokhtasar,Issued by Tafsir Center for Quranic Studies.,https://quranenc.com/en/browse/tagalog_mokhtasar
Vietnam,Yes,QuranEnc,Vietnamese (Tafsir),Vietnamese,vi,32,32,1,Tafsir Center for Quranic Studies,vietnamese_mokhtasar,Issued by Tafsir Center for Quranic Studies.,https://quranenc.com/en/browse/vietnamese_mokhtasar
Italy,Yes,QuranEnc,Italian (Tafsir),Italian,it,7,7,1,Tafsir Center for Quranic Studies,italian_mokhtasar,Issued by Tafsir Center for Quranic Studies.,https://quranenc.com/en/browse/italian_mokhtasar
"France, Africa",Yes,QuranEnc,French (Tafsir),French,fr,68,68,1,Tafsir Center for Quranic Studies,french_mokhtasar,Issued by Tafsir Center for Quranic Studies.,https://quranenc.com/en/browse/french_mokhtasar
"China, Taiwan",Yes,QuranEnc,Chinese (Tafsir),Chinese,zh,69,69,1,Tafsir Center for Quranic Studies,chinese_mokhtasar,Issued by Tafsir Center for Quranic Studies.,https://quranenc.com/en/browse/chinese_mokhtasar
Japan,Yes,QuranEnc,Japanese (Tafsir),Japanese,ja,30,30,1,Tafsir Center for Quranic Studies,japanese_mokhtasar,Issued by Tafsir Center for Quranic Studies.,https://quranenc.com/en/browse/japanese_mokhtasar
Azerbaijan,No,QuranEnc,Azerbaijani (Tafsir),Azerbaijani,az,12,12,1,Tafsir Center for Quranic Studies,azeri_mokhtasar,Issued by Tafsir Center for Quranic Studies.,https://quranenc.com/en/browse/azeri_mokhtasar
West Africa,Mixed,QuranEnc,Fulani (Tafsir),Fulani,ff,70,70,1,Tafsir Center for Quranic Studies,fulani_mokhtasar,Issued by Tafsir Center for Quranic Studies.,https://quranenc.com/en/browse/fulani_mokhtasar
India,Yes,QuranEnc,Hindi (Tafsir),Hindi,hi,42,42,1,Tafsir Center for Quranic Studies,hindi_mokhtasar,Issued by Tafsir Center for Quranic Studies.,https://quranenc.com/en/browse/hindi_mokhtasar
"Iraq, Turkey, Syria",No,QuranEnc,Kurdish (Tafsir),Kurdish,ku,71,71,1,Tafsir Center for Quranic Studies,kurdish_mokhtasar,Issued by Tafsir Center for Quranic Studies.,https://quranenc.com/en/browse/kurdish_mokhtasar
Kyrgyzstan,No,QuranEnc,Kyrgyz (Tafsir),Kyrgyz,ky,25,25,1,Tafsir Center for Quranic Studies,kyrgyz_mokhtasar,Issued by Tafsir Center for Quranic Studies.,https://quranenc.com/en/browse/kyrgyz_mokhtasar
"Afghanistan, Pakistan",No,QuranEnc,Pashto (Tafsir),Pashto,ps,39,39,1,Tafsir Center for Quranic Studies,pashto_mokhtasar,Issued by Tafsir Center for Quranic Studies.,https://quranenc.com/en/browse/pashto_mokhtasar
Sri Lanka,Yes,QuranEnc,Sinhalese (Tafsir),Sinhala,si,46,46,1,Tafsir Center for Quranic Studies,sinhalese_mokhtasar,Issued by Tafsir Center for Quranic Studies.,https://quranenc.com/en/browse/sinhalese_mokhtasar
Serbia,Yes,QuranEnc,Serbian (Tafsir),Serbian,sr,18,18,1,Tafsir Center for Quranic Studies,serbian_mokhtasar,Issued by Tafsir Center for Quranic Studies.,https://quranenc.com/en/browse/serbian_mokhtasar
"India, Sri Lanka",No,QuranEnc,Tamil (Tafsir),Tamil,ta,45,45,1,Tafsir Center for Quranic Studies,tamil_mokhtasar,Issued by Tafsir Center for Quranic Studies.,https://quranenc.com/en/browse/tamil_mokhtasar
India,Yes,QuranEnc,Telugu (Tafsir),Telugu,te,42,42,1,Tafsir Center for Quranic Studies,telugu_mokhtasar,Issued by Tafsir Center for Quranic Studies.,https://quranenc.com/en/browse/telugu_mokhtasar
Thailand,Yes,QuranEnc,Thai (Tafsir),Thai,th,33,33,1,Tafsir Center for Quranic Studies,thai_mokhtasar,Issued by Tafsir Center for Quranic Studies.,https://quranenc.com/en/browse/thai_mokhtasar
China (Xinjiang),No,QuranEnc,Uyghur (Tafsir),Uyghur,ug,29,29,1,Tafsir Center for Quranic Studies,uyghur_mokhtasar,Issued by Tafsir Center for Quranic Studies.,https://quranenc.com/en/browse/uyghur_mokhtasar
Uzbekistan,No,QuranEnc,Uzbek (Tafsir),Uzbek,uz,23,23,1,Tafsir Center for Quranic Studies,uzbek_mokhtasar,Issued by Tafsir Center for Quranic Studies.,https://quranenc.com/en/browse/uzbek_mokhtasar
Saudi Arabia,No,QuranEnc,Arabic (Tafsir),Arabic,ar,65,65,1,King Fahd Complex,arabic_moyassar,Issued by King Fahd Complex for Printing the Noble Quran in Medina.,https://quranenc.com/en/browse/arabic_moyassar
Saudi Arabia,No,QuranEnc,Arabic (Tafsir),Arabic,ar,65,65,1,As-Seraj,arabic_seraj,"Book ""As-Seraj"" in Stating the Gharib of Quran.",https://quranenc.com/en/browse/arabic_seraj
"Ethiopia, Djibouti, Eritrea",Mixed,fawazahmed,Afar,Afar,aar,55,55,1,Sheikh Mahmoud Abdel Qader Hamz And Group Of Scholars,aar_sheikhmahmoudab,Translated by Sheikh Mahmoud Abdel Qader Hamz And Group Of Scholars in Afar,https://cdn.jsdelivr.net/gh/fawazahmed0/quran-api@1/editions/aar-sheikhmahmoudab.json
Indonesia (Aceh region),No,fawazahmed,Achinese,Achinese,ace,26,26,1,Tgk. H. Mahjiddin Jusuf,ace_tgkhmahjiddinju,Translated by Tgk. H. Mahjiddin Jusuf in Achinese,https://cdn.jsdelivr.net/gh/fawazahmed0/quran-api@1/editions/ace-tgkhmahjiddinju.json
"South Africa, Namibia",Yes,fawazahmed,Afrikaans,Afrikaans,afr,72,72,1,Imam M. A. Baker,afr_imammabaker,Translated by Imam M. A. Baker in Afrikaans,https://cdn.jsdelivr.net/gh/fawazahmed0/quran-api@1/editions/afr-imammabaker.json
Saudi Arabia,No,fawazahmed,Arabic,Arabic,ara,65,65,1,Jalal Ad Din Al Mahalli And Jalal Ad Din As Suyuti,ara_jalaladdinalmah,Translated by Jalal Ad Din Al Mahalli And Jalal Ad Din As Suyuti in Arabic,https://cdn.jsdelivr.net/gh/fawazahmed0/quran-api@1/editions/ara-jalaladdinalmah.json
Saudi Arabia,No,fawazahmed,Arabic,Arabic,ara,65,65,1,King Fahad Quran Complex,ara_kingfahadquranc,Translated by King Fahad Quran Complex in Arabic,https://cdn.jsdelivr.net/gh/fawazahmed0/quran-api@1/editions/ara-kingfahadquranc.json
Saudi Arabia,No,fawazahmed,Arabic,Arabic,ara,65,65,1,Quran Transliteration,ara_quran_la,Translated by Quran Transliteration in Arabic,https://cdn.jsdelivr.net/gh/fawazahmed0/quran-api@1/editions/ara-quran-la.json
Saudi Arabia,No,fawazahmed,Arabic,Arabic,ara,65,65,1,Quran Academy,ara_quranacademy,Translated by Quran Academy in Arabic,https://cdn.jsdelivr.net/gh/fawazahmed0/quran-api@1/editions/ara-quranacademy.json
Saudi Arabia,No,fawazahmed,Arabic,Arabic,ara,65,65,1,Quran Bazzi,ara_quranbazzi,Translated by Quran Bazzi in Arabic,https://cdn.jsdelivr.net/gh/fawazahmed0/quran-api@1/editions/ara-quranbazzi.json
Saudi Arabia,No,fawazahmed,Arabic,Arabic,ara,65,65,1,Quran Doori,ara_qurandoori,Translated by Quran Doori in Arabic,https://cdn.jsdelivr.net/gh/fawazahmed0/quran-api@1/editions/ara-qurandoori.json
Saudi Arabia,No,fawazahmed,Arabic,Arabic,ara,65,65,1,Quran Doori Non Unicode,ara_qurandoorinonun,Translated by Quran Doori Non Unicode in Arabic,https://cdn.jsdelivr.net/gh/fawazahmed0/quran-api@1/editions/ara-qurandoorinonun.json
Saudi Arabia,No,fawazahmed,Arabic,Arabic,ara,65,65,1,Quran Indopak,ara_quranindopak,Translated by Quran Indopak in Arabic,https://cdn.jsdelivr.net/gh/fawazahmed0/quran-api@1/editions/ara-quranindopak.json
Saudi Arabia,No,fawazahmed,Arabic,Arabic,ara,65,65,1,Quran Khaled Hosney,ara_qurankhaledhosn,Translated by Quran Khaled Hosney in Arabic,https://cdn.jsdelivr.net/gh/fawazahmed0/quran-api@1/editions/ara-qurankhaledhosn.json
Saudi Arabia,No,fawazahmed,Arabic,Arabic,ara,65,65,1,Quran Nastaleeq Non Unicode,ara_qurannastaleeqn,Translated by Quran Nastaleeq Non Unicode in Arabic,https://cdn.jsdelivr.net/gh/fawazahmed0/quran-api@1/editions/ara-qurannastaleeqn.json
Saudi Arabia,No,fawazahmed,Arabic,Arabic,ara,65,65,1,Quran Phonetics Transliteration,ara_quranphoneticst,Translated by Quran Phonetics Transliteration in Arabic,https://cdn.jsdelivr.net/gh/fawazahmed0/quran-api@1/editions/ara-quranphoneticst.json
Saudi Arabia,No,fawazahmed,Arabic,Arabic,ara,65,65,1,Quran Qaloon,ara_quranqaloon,Translated by Quran Qaloon in Arabic,https://cdn.jsdelivr.net/gh/fawazahmed0/quran-api@1/editions/ara-quranqaloon.json
Saudi Arabia,No,fawazahmed,Arabic,Arabic,ara,65,65,1,Quran Qumbul,ara_quranqumbul,Translated by Quran Qumbul in Arabic,https://cdn.jsdelivr.net/gh/fawazahmed0/quran-api@1/editions/ara-quranqumbul.json
Saudi Arabia,No,fawazahmed,Arabic,Arabic,ara,65,65,1,Quran Shouba,ara_quranshouba,Translated by Quran Shouba in Arabic,https://cdn.jsdelivr.net/gh/fawazahmed0/quran-api@1/editions/ara-quranshouba.json
Saudi Arabia,No,fawazahmed,Arabic,Arabic,ara,65,65,1,Quran Simple,ara_quransimple,Translated by Quran Simple in Arabic,https://cdn.jsdelivr.net/gh/fawazahmed0/quran-api@1/editions/ara-quransimple.json
Saudi Arabia,No,fawazahmed,Arabic,Arabic,ara,65,65,1,Quran Soosi,ara_quransoosi,Translated by Quran Soosi in Arabic,https://cdn.jsdelivr.net/gh/fawazahmed0/quran-api@1/editions/ara-quransoosi.json
Saudi Arabia,No,fawazahmed,Arabic,Arabic,ara,65,65,1,Quran Soosi Non Unicode,ara_quransoosinonun,Translated by Quran Soosi Non Unicode in Arabic,https://cdn.jsdelivr.net/gh/fawazahmed0/quran-api@1/editions/ara-quransoosinonun.json
Saudi Arabia,No,fawazahmed,Arabic,Arabic,ara,65,65,1,Quran Uthmani Enc,ara_quranuthmanienc,Translated by Quran Uthmani Enc in Arabic,https://cdn.jsdelivr.net/gh/fawazahmed0/quran-api@1/editions/ara-quranuthmanienc.json
Saudi Arabia,No,fawazahmed,Arabic,Arabic,ara,65,65,1,Quran Uthmani Hafs,ara_quranuthmanihaf,Translated by Quran Uthmani Hafs in Arabic,https://cdn.jsdelivr.net/gh/fawazahmed0/quran-api@1/editions/ara-quranuthmanihaf.json
Saudi Arabia,No,fawazahmed,Arabic,Arabic,ara,65,65,1,Quran Warsh,ara_quranwarsh,Translated by Quran Warsh in Arabic,https://cdn.jsdelivr.net/gh/fawazahmed0/quran-api@1/editions/ara-quranwarsh.json
Saudi Arabia,No,fawazahmed,Arabic,Arabic,ara,65,65,1,Siraj Tafseer,ara_sirajtafseer,Translated by Siraj Tafseer in Arabic,https://cdn.jsdelivr.net/gh/fawazahmed0/quran-api@1/editions/ara-sirajtafseer.json
Saudi Arabia,No,fawazahmed,Arabic,Arabic,ara,65,65,1,Siraj Tafseer No Diacritics,ara_sirajtafseernod,Translated by Siraj Tafseer No Diacritics in Arabic,https://cdn.jsdelivr.net/gh/fawazahmed0/quran-api@1/editions/ara-sirajtafseernod.json
Azerbaijan,No,fawazahmed,Azerbaijani,Azerbaijani,aze,12,12,1,Khan Musayev,aze_khanmusayev,Translated by Khan Musayev in Azerbaijani,https://cdn.jsdelivr.net/gh/fawazahmed0/quran-api@1/editions/aze-khanmusayev.json
Azerbaijan,No,fawazahmed,Azerbaijani,Azerbaijani,aze,12,12,1,Vasim Mammadaliyev And Ziya Bunyadov,aze_vasimmammadaliy,Translated by Vasim Mammadaliyev And Ziya Bunyadov in Azerbaijani,https://cdn.jsdelivr.net/gh/fawazahmed0/quran-api@1/editions/aze-vasimmammadaliy.json
Mali,No,fawazahmed,Bambara,Bambara,bam,73,73,1,Deen Muhammad,bam_deenmuhammad,Translated by Deen Muhammad in Bambara,https://cdn.jsdelivr.net/gh/fawazahmed0/quran-api@1/editions/bam-deenmuhammad.json
"Bangladesh, India",Mixed,fawazahmed,Bengali,Bengali,ben,43,43,1,Muhiuddin Khan,ben_muhiuddinkhan,Translated by Muhiuddin Khan in Bengali,https://cdn.jsdelivr.net/gh/fawazahmed0/quran-api@1/editions/ben-muhiuddinkhan.json
"Bangladesh, India",Mixed,fawazahmed,Bengali,Bengali,ben,43,43,1,Zohurul Hoque,ben_zohurulhoque,Translated by Zohurul Hoque in Bengali,https://cdn.jsdelivr.net/gh/fawazahmed0/quran-api@1/editions/ben-zohurulhoque.json
"Morocco, Algeria, Libya",No,fawazahmed,Berber,Berber,ber,74,74,1,Ramdane At Mansour,ber_ramdaneatmansou,Translated by Ramdane At Mansour in Berber,https://cdn.jsdelivr.net/gh/fawazahmed0/quran-api@1/editions/ber-ramdaneatmansou.json
Bosnia ,No,fawazahmed,Bosnian,Bosnian,bos,66,66,1,Korkut,bos_korkut,Translated by Korkut in Bosnian,https://cdn.jsdelivr.net/gh/fawazahmed0/quran-api@1/editions/bos-korkut.json
Bosnia ,No,fawazahmed,Bosnian,Bosnian,bos,66,66,1,Mustafa Mlivo,bos_mustafamlivo,Translated by Mustafa Mlivo in Bosnian,https://cdn.jsdelivr.net/gh/fawazahmed0/quran-api@1/editions/bos-mustafamlivo.json
Bosnia ,No,fawazahmed,Bosnian,Bosnian,bos,66,66,1,Transliterim,bos_transliterim,Translated by Transliterim in Bosnian,https://cdn.jsdelivr.net/gh/fawazahmed0/quran-api@1/editions/bos-transliterim.json
Bosnia ,No,fawazahmed,Bosnian,Bosnian,bos,66,66,1,Www.islamhouse.com,bos_wwwislamhouseco,Translated by Www.islamhouse.com in Bosnian,https://cdn.jsdelivr.net/gh/fawazahmed0/quran-api@1/editions/bos-wwwislamhouseco.json
Bulgaria,Yes,fawazahmed,Bulgarian,Bulgarian,bul,8,8,1,Tzvetan Theophanov,bul_tzvetantheophan,Translated by Tzvetan Theophanov in Bulgarian,https://cdn.jsdelivr.net/gh/fawazahmed0/quran-api@1/editions/bul-tzvetantheophan.json
"Spain (Catalonia), Andorra",Yes,fawazahmed,Catalan,Catalan,cat,75,75,1,Youssef Lyoussi,cat_yousseflyoussi,Translated by Youssef Lyoussi in Catalan,https://cdn.jsdelivr.net/gh/fawazahmed0/quran-api@1/editions/cat-yousseflyoussi.json
Czech Republic,Yes,fawazahmed,Czech,Czech,ces,76,76,1,A. R. Nykl,ces_arnykl,Translated by A. R. Nykl in Czech,https://cdn.jsdelivr.net/gh/fawazahmed0/quran-api@1/editions/ces-arnykl.json
Czech Republic,Yes,fawazahmed,Czech,Czech,ces,76,76,1,Hadi Abdollahian,ces_hadiabdollahian,Translated by Hadi Abdollahian in Czech,https://cdn.jsdelivr.net/gh/fawazahmed0/quran-api@1/editions/ces-hadiabdollahian.json
Czech Republic,Yes,fawazahmed,Czech,Czech,ces,76,76,1,Preklad I. Hrbek,ces_prekladihrbek,Translated by Preklad I. Hrbek in Czech,https://cdn.jsdelivr.net/gh/fawazahmed0/quran-api@1/editions/ces-prekladihrbek.json
Denmark,Yes,fawazahmed,Danish,Danish,dan,103,103,1,Hadi Abdollahian,dan-hadiabdollahian,Translated by Hadi Abdollahian in Danish,https://cdn.jsdelivr.net/gh/fawazahmed0/quran-api@1/editions/dan-hadiabdollahian.json
Denmark,Yes,fawazahmed,Danish,Danish,dan,103,103,1,Van De Taal,dan-vandetaal,Translated by Van De Taal in Danish,https://cdn.jsdelivr.net/gh/fawazahmed0/quran-api@1/editions/dan-vandetaal.json
Germany,Yes,fawazahmed,German,German,deu,77,77,1,Adel Theodor Khoury,deu_adeltheodorkhou,Translated by Adel Theodor Khoury in German,https://cdn.jsdelivr.net/gh/fawazahmed0/quran-api@1/editions/deu-adeltheodorkhou.json
Germany,Yes,fawazahmed,German,German,deu,77,77,1,Amir Zaidan,deu_amirzaidan,Translated by Amir Zaidan in German,https://cdn.jsdelivr.net/gh/fawazahmed0/quran-api@1/editions/deu-amirzaidan.json
Germany,Yes,fawazahmed,German,German,deu,77,77,1,A. S. F. Bubenheim And N. Elyas,deu_asfbubenheimand,Translated by A. S. F. Bubenheim And N. Elyas in German,https://cdn.jsdelivr.net/gh/fawazahmed0/quran-api@1/editions/deu-asfbubenheimand.json
Maldives,No,fawazahmed,Divehi,Divehi,div,78,78,1,Office Of The President Of Maldives,div_officeofthepres,Translated by Office Of The President Of Maldives in Divehi,https://cdn.jsdelivr.net/gh/fawazahmed0/quran-api@1/editions/div-officeofthepres.json
"UK, US",Yes,fawazahmed,English,English,eng,1,1,1,Abdel Haleem,eng_abdelhaleem,Translated by Abdel Haleem in English,https://cdn.jsdelivr.net/gh/fawazahmed0/quran-api@1/editions/eng-abdelhaleem.json
"UK, US",Yes,fawazahmed,English,English,eng,1,1,1,Abdul Hye,eng_abdulhye,Translated by Abdul Hye in English,https://cdn.jsdelivr.net/gh/fawazahmed0/quran-api@1/editions/eng-abdulhye.json
"UK, US",Yes,fawazahmed,English,English,eng,1,1,1,Abdullah Yusuf Ali,eng_abdullahyusufal,Translated by Abdullah Yusuf Ali in English,https://cdn.jsdelivr.net/gh/fawazahmed0/quran-api@1/editions/eng-abdullahyusufal.json
"UK, US",Yes,fawazahmed,English,English,eng,1,1,1,Abdul Majid Daryabadi,eng_abdulmajiddarya,Translated by Abdul Majid Daryabadi in English,https://cdn.jsdelivr.net/gh/fawazahmed0/quran-api@1/editions/eng-abdulmajiddarya.json
"UK, US",Yes,fawazahmed,English,English,eng,1,1,1,Abul Ala Maududi,eng_abulalamaududi,Translated by Abul Ala Maududi in English,https://cdn.jsdelivr.net/gh/fawazahmed0/quran-api@1/editions/eng-abulalamaududi.json
"UK, US",Yes,fawazahmed,English,English,eng,1,1,1,Ahmed Ali,eng_ahmedali,Translated by Ahmed Ali in English,https://cdn.jsdelivr.net/gh/fawazahmed0/quran-api@1/editions/eng-ahmedali.json
"UK, US",Yes,fawazahmed,English,English,eng,1,1,1,Aisha Bewley,eng_aishabewley,Translated by Aisha Bewley in English,https://cdn.jsdelivr.net/gh/fawazahmed0/quran-api@1/editions/eng-aishabewley.json
"UK, US",Yes,fawazahmed,English,English,eng,1,1,1,A. J. Arberry,eng_ajarberry,Translated by A. J. Arberry in English,https://cdn.jsdelivr.net/gh/fawazahmed0/quran-api@1/editions/eng-ajarberry.json
"UK, US",Yes,fawazahmed,English,English,eng,1,1,1,Al Bilal Muhammad Et Al,eng_albilalmuhammad,Translated by Al Bilal Muhammad Et Al in English,https://cdn.jsdelivr.net/gh/fawazahmed0/quran-api@1/editions/eng-albilalmuhammad.json
"UK, US",Yes,fawazahmed,English,English,eng,1,1,1,Ali Bakhtiari Nejad,eng_alibakhtiarinej,Translated by Ali Bakhtiari Nejad in English,https://cdn.jsdelivr.net/gh/fawazahmed0/quran-api@1/editions/eng-alibakhtiarinej.json
"UK, US",Yes,fawazahmed,English,English,eng,1,1,1,Ali Quli Qarai,eng_aliquliqarai,Translated by Ali Quli Qarai in English,https://cdn.jsdelivr.net/gh/fawazahmed0/quran-api@1/editions/eng-aliquliqarai.json
"UK, US",Yes,fawazahmed,English,English,eng,1,1,1,Ali Unal,eng_aliunal,Translated by Ali Unal in English,https://cdn.jsdelivr.net/gh/fawazahmed0/quran-api@1/editions/eng-aliunal.json
"UK, US",Yes,fawazahmed,English,English,eng,1,1,1,Almuntakhab Fi Tafsir Alquran Alkarim,eng_almuntakhabfita,Translated by Almuntakhab Fi Tafsir Alquran Alkarim in English,https://cdn.jsdelivr.net/gh/fawazahmed0/quran-api@1/editions/eng-almuntakhabfita.json
"UK, US",Yes,fawazahmed,English,English,eng,1,1,1,Dr Kamal Omar,eng_drkamalomar,Translated by Dr Kamal Omar in English,https://cdn.jsdelivr.net/gh/fawazahmed0/quran-api@1/editions/eng-drkamalomar.json
"UK, US",Yes,fawazahmed,English,English,eng,1,1,1,Dr Laleh Bakhtiar,eng_drlalehbakhtiar,Translated by Dr Laleh Bakhtiar in English,https://cdn.jsdelivr.net/gh/fawazahmed0/quran-api@1/editions/eng-drlalehbakhtiar.json
"UK, US",Yes,fawazahmed,English,English,eng,1,1,1,Dr Munir Munshey,eng_drmunirmunshey,Translated by Dr Munir Munshey in English,https://cdn.jsdelivr.net/gh/fawazahmed0/quran-api@1/editions/eng-drmunirmunshey.json
"UK, US",Yes,fawazahmed,English,English,eng,1,1,1,Edward Henry Palmer,eng_edwardhenrypalm,Translated by Edward Henry Palmer in English,https://cdn.jsdelivr.net/gh/fawazahmed0/quran-api@1/editions/eng-edwardhenrypalm.json
"UK, US",Yes,fawazahmed,English,English,eng,1,1,1,Farook Malik,eng_farookmalik,Translated by Farook Malik in English,https://cdn.jsdelivr.net/gh/fawazahmed0/quran-api@1/editions/eng-farookmalik.json
"UK, US",Yes,fawazahmed,English,English,eng,1,1,1,George Sale,eng_georgesale,Translated by George Sale in English,https://cdn.jsdelivr.net/gh/fawazahmed0/quran-api@1/editions/eng-georgesale.json
"UK, US",Yes,fawazahmed,English,English,eng,1,1,1,Hamid S Aziz,eng_hamidsaziz,Translated by Hamid S Aziz in English,https://cdn.jsdelivr.net/gh/fawazahmed0/quran-api@1/editions/eng-hamidsaziz.json
"UK, US",Yes,fawazahmed,English,English,eng,1,1,1,John Medows Rodwell,eng_johnmedowsrodwe,Translated by John Medows Rodwell in English,https://cdn.jsdelivr.net/gh/fawazahmed0/quran-api@1/editions/eng-johnmedowsrodwe.json
"UK, US",Yes,fawazahmed,English,English,eng,1,1,1,Literal,eng_literal,Translated by Literal in English,https://cdn.jsdelivr.net/gh/fawazahmed0/quran-api@1/editions/eng-literal.json
"UK, US",Yes,fawazahmed,English,English,eng,1,1,1,Maududi,eng_maududi,Translated by Maududi in English,https://cdn.jsdelivr.net/gh/fawazahmed0/quran-api@1/editions/eng-maududi.json
"UK, US",Yes,fawazahmed,English,English,eng,1,1,1,Mir Anees Original,eng_miraneesorigina,Translated by Mir Anees Original in English,https://cdn.jsdelivr.net/gh/fawazahmed0/quran-api@1/editions/eng-miraneesorigina.json
"UK, US",Yes,fawazahmed,English,English,eng,1,1,1,Mir Aneesuddin,eng_miraneesuddin,Translated by Mir Aneesuddin in English,https://cdn.jsdelivr.net/gh/fawazahmed0/quran-api@1/editions/eng-miraneesuddin.json
"UK, US",Yes,fawazahmed,English,English,eng,1,1,1,Mohammad Habib Shakir,eng_mohammadhabibsh,Translated by Mohammad Habib Shakir in English,https://cdn.jsdelivr.net/gh/fawazahmed0/quran-api@1/editions/eng-mohammadhabibsh.json
"UK, US",Yes,fawazahmed,English,English,eng,1,1,1,Mohammad Shafi,eng_mohammadshafi,Translated by Mohammad Shafi in English,https://cdn.jsdelivr.net/gh/fawazahmed0/quran-api@1/editions/eng-mohammadshafi.json
"UK, US",Yes,fawazahmed,English,English,eng,1,1,1,Mohammed Marmaduke William Pickthall,eng_mohammedmarmadu,Translated by Mohammed Marmaduke William Pickthall in English,https://cdn.jsdelivr.net/gh/fawazahmed0/quran-api@1/editions/eng-mohammedmarmadu.json
"UK, US",Yes,fawazahmed,English,English,eng,1,1,1,Mufti Taqi Usmani,eng_muftitaqiusmani,Translated by Mufti Taqi Usmani in English,https://cdn.jsdelivr.net/gh/fawazahmed0/quran-api@1/editions/eng-muftitaqiusmani.json
"UK, US",Yes,fawazahmed,English,English,eng,1,1,1,Muhammad Asad,eng_muhammadasad,Translated by Muhammad Asad in English,https://cdn.jsdelivr.net/gh/fawazahmed0/quran-api@1/editions/eng-muhammadasad.json
"UK, US",Yes,fawazahmed,English,English,eng,1,1,1,Muhammad Mahmoud Ghali,eng_muhammadmahmoud,Translated by Muhammad Mahmoud Ghali in English,https://cdn.jsdelivr.net/gh/fawazahmed0/quran-api@1/editions/eng-muhammadmahmoud.json
"UK, US",Yes,fawazahmed,English,English,eng,1,1,1,Muhammad Sarwar,eng_muhammadsarwar,Translated by Muhammad Sarwar in English,https://cdn.jsdelivr.net/gh/fawazahmed0/quran-api@1/editions/eng-muhammadsarwar.json
"UK, US",Yes,fawazahmed,English,English,eng,1,1,1,Muhammad Taqi Ud Din Al Hilali And Muhammad Muhsin Khan,eng_muhammadtaqiudd,Translated by Muhammad Taqi Ud Din Al Hilali And Muhammad Muhsin Khan in English,https://cdn.jsdelivr.net/gh/fawazahmed0/quran-api@1/editions/eng-muhammadtaqiudd.json
"UK, US",Yes,fawazahmed,English,English,eng,1,1,1,Mustafa Khattab Allah Edition,eng_mustafakhattaba,Translated by Mustafa Khattab Allah Edition in English,https://cdn.jsdelivr.net/gh/fawazahmed0/quran-api@1/editions/eng-mustafakhattaba.json
"UK, US",Yes,fawazahmed,English,English,eng,1,1,1,Mustafa Khattab God Edition,eng_mustafakhattabg,Translated by Mustafa Khattab God Edition in English,https://cdn.jsdelivr.net/gh/fawazahmed0/quran-api@1/editions/eng-mustafakhattabg.json
"UK, US",Yes,fawazahmed,English,English,eng,1,1,1,N J Dawood,eng_njdawood,Translated by N J Dawood in English,https://cdn.jsdelivr.net/gh/fawazahmed0/quran-api@1/editions/eng-njdawood.json
"UK, US",Yes,fawazahmed,English,English,eng,1,1,1,Safi Kaskas,eng_safikaskas,Translated by Safi Kaskas in English,https://cdn.jsdelivr.net/gh/fawazahmed0/quran-api@1/editions/eng-safikaskas.json
"UK, US",Yes,fawazahmed,English,English,eng,1,1,1,Safi Ur Rahman Al Mubarakpuri,eng_safiurrahmanalm,Translated by Safi Ur Rahman Al Mubarakpuri in English,https://cdn.jsdelivr.net/gh/fawazahmed0/quran-api@1/editions/eng-safiurrahmanalm.json
"UK, US",Yes,fawazahmed,English,English,eng,1,1,1,Shabbir Ahmed,eng_shabbirahmed,Translated by Shabbir Ahmed in English,https://cdn.jsdelivr.net/gh/fawazahmed0/quran-api@1/editions/eng-shabbirahmed.json
"UK, US",Yes,fawazahmed,English,English,eng,1,1,1,Syed Vickar Ahamed,eng_syedvickarahame,Translated by Syed Vickar Ahamed in English,https://cdn.jsdelivr.net/gh/fawazahmed0/quran-api@1/editions/eng-syedvickarahame.json
"UK, US",Yes,fawazahmed,English,English,eng,1,1,1,Talal A Itani New Translation,eng_talalaitaninewt,Translated by Talal A Itani New Translation in English,https://cdn.jsdelivr.net/gh/fawazahmed0/quran-api@1/editions/eng-talalaitaninewt.json
"UK, US",Yes,fawazahmed,English,English,eng,1,1,1,Talal Itani,eng_talalitani,Translated by Talal Itani in English,https://cdn.jsdelivr.net/gh/fawazahmed0/quran-api@1/editions/eng-talalitani.json
"UK, US",Yes,fawazahmed,English,English,eng,1,1,1,Tbirving,eng_tbirving,Translated by Tbirving in English,https://cdn.jsdelivr.net/gh/fawazahmed0/quran-api@1/editions/eng-tbirving.json
"UK, US",Yes,fawazahmed,English,English,eng,1,1,1,The Monotheist Group Edition,eng_themonotheistgr,Translated by The Monotheist Group Edition in English,https://cdn.jsdelivr.net/gh/fawazahmed0/quran-api@1/editions/eng-themonotheistgr.json
"UK, US",Yes,fawazahmed,English,English,eng,1,1,1,The Study Quran,eng_thestudyquran,Translated by The Study Quran in English,https://cdn.jsdelivr.net/gh/fawazahmed0/quran-api@1/editions/eng-thestudyquran.json
"UK, US",Yes,fawazahmed,English,English,eng,1,1,1,Umm Muhammad,eng_ummmuhammad,Translated by Umm Muhammad in English,https://cdn.jsdelivr.net/gh/fawazahmed0/quran-api@1/editions/eng-ummmuhammad.json
"UK, US",Yes,fawazahmed,English,English,eng,1,1,1,Wahiduddin Khan,eng_wahiduddinkhan,Translated by Wahiduddin Khan in English,https://cdn.jsdelivr.net/gh/fawazahmed0/quran-api@1/editions/eng-wahiduddinkhan.json
"UK, US",Yes,fawazahmed,English,English,eng,1,1,1,Yusuf Ali Orig,eng_yusufaliorig,Translated by Yusuf Ali Orig in English,https://cdn.jsdelivr.net/gh/fawazahmed0/quran-api@1/editions/eng-yusufaliorig.json
Worldwide,Yes,fawazahmed,Esperanto,Esperanto,epo,79,79,1,Hadi Abdollahian,epo_hadiabdollahian,Translated by Hadi Abdollahian in Esperanto,https://cdn.jsdelivr.net/gh/fawazahmed0/quran-api@1/editions/epo-hadiabdollahian.json
Iran,No,fawazahmed,Persian,Persian,fas,35,35,1,Abdolmohammad Ayati,fas_abdolmohammaday,Translated by Abdolmohammad Ayati in Persian,https://cdn.jsdelivr.net/gh/fawazahmed0/quran-api@1/editions/fas-abdolmohammaday.json
Iran,No,fawazahmed,Persian,Persian,fas,35,35,1,Abolfazl Bahrampour,fas_abolfazlbahramp,Translated by Abolfazl Bahrampour in Persian,https://cdn.jsdelivr.net/gh/fawazahmed0/quran-api@1/editions/fas-abolfazlbahramp.json
Iran,No,fawazahmed,Persian,Persian,fas,35,35,1,Baha Oddin Khorramshahi,fas_bahaoddinkhorra,Translated by Baha Oddin Khorramshahi in Persian,https://cdn.jsdelivr.net/gh/fawazahmed0/quran-api@1/editions/fas-bahaoddinkhorra.json
Iran,No,fawazahmed,Persian,Persian,fas,35,35,1,Dr. Hussien Tagi,fas_drhussientagi,Translated by Dr. Hussien Tagi in Persian,https://cdn.jsdelivr.net/gh/fawazahmed0/quran-api@1/editions/fas-drhussientagi.json
Iran,No,fawazahmed,Persian,Persian,fas,35,35,1,Hussain Ansarian,fas_hussainansarian,Translated by Hussain Ansarian in Persian,https://cdn.jsdelivr.net/gh/fawazahmed0/quran-api@1/editions/fas-hussainansarian.json
Iran,No,fawazahmed,Persian,Persian,fas,35,35,1,Islamhouse.com Persian Team,fas_islamhousecompe,Translated by Islamhouse.com Persian Team in Persian,https://cdn.jsdelivr.net/gh/fawazahmed0/quran-api@1/editions/fas-islamhousecompe.json
Iran,No,fawazahmed,Persian,Persian,fas,35,35,1,Mahdi Elahi Ghomshei,fas_mahdielahighoms,Translated by Mahdi Elahi Ghomshei in Persian,https://cdn.jsdelivr.net/gh/fawazahmed0/quran-api@1/editions/fas-mahdielahighoms.json
Iran,No,fawazahmed,Persian,Persian,fas,35,35,1,Mohammad Kazem Moezzi,fas_mohammadkazemmo,Translated by Mohammad Kazem Moezzi in Persian,https://cdn.jsdelivr.net/gh/fawazahmed0/quran-api@1/editions/fas-mohammadkazemmo.json
Iran,No,fawazahmed,Persian,Persian,fas,35,35,1,Mohammad Mahdi Fooladvand,fas_mohammadmahdifo,Translated by Mohammad Mahdi Fooladvand in Persian,https://cdn.jsdelivr.net/gh/fawazahmed0/quran-api@1/editions/fas-mohammadmahdifo.json
Iran,No,fawazahmed,Persian,Persian,fas,35,35,1,Mohammad Sadeqi Tehrani,fas_mohammadsadeqit,Translated by Mohammad Sadeqi Tehrani in Persian,https://cdn.jsdelivr.net/gh/fawazahmed0/quran-api@1/editions/fas-mohammadsadeqit.json
Iran,No,fawazahmed,Persian,Persian,fas,35,35,1,Mohsen Gharaati,fas_mohsengharaati,Translated by Mohsen Gharaati in Persian,https://cdn.jsdelivr.net/gh/fawazahmed0/quran-api@1/editions/fas-mohsengharaati.json
Iran,No,fawazahmed,Persian,Persian,fas,35,35,1,Mostafa Khorramdel,fas_mostafakhorramd,Translated by Mostafa Khorramdel in Persian,https://cdn.jsdelivr.net/gh/fawazahmed0/quran-api@1/editions/fas-mostafakhorramd.json
Iran,No,fawazahmed,Persian,Persian,fas,35,35,1,Naser Makarem Shirazi,fas_nasermakaremshi,Translated by Naser Makarem Shirazi in Persian,https://cdn.jsdelivr.net/gh/fawazahmed0/quran-api@1/editions/fas-nasermakaremshi.json
Iran,No,fawazahmed,Persian,Persian,fas,35,35,1,Sayyed Jalaloddin Mojtabavi,fas_sayyedjalaloddi,Translated by Sayyed Jalaloddin Mojtabavi in Persian,https://cdn.jsdelivr.net/gh/fawazahmed0/quran-api@1/editions/fas-sayyedjalaloddi.json
Iran,No,fawazahmed,Persian,Persian,fas,35,35,1,Unknown,fas_unknown,Translated by Unknown in Persian,https://cdn.jsdelivr.net/gh/fawazahmed0/quran-api@1/editions/fas-unknown.json
Philippines,Yes,fawazahmed,Filipino,Filipino,fil,27,27,1,Abdullatif Eduardo M. Arceo,fil_abdullatifeduar,Translated by Abdullatif Eduardo M. Arceo in Filipino,https://cdn.jsdelivr.net/gh/fawazahmed0/quran-api@1/editions/fil-abdullatifeduar.json
Philippines,Yes,fawazahmed,Filipino,Filipino,fil,27,27,1,Www.islamhouse.com,fil_wwwislamhouseco,Translated by Www.islamhouse.com in Filipino,https://cdn.jsdelivr.net/gh/fawazahmed0/quran-api@1/editions/fil-wwwislamhouseco.json
Finland,Yes,fawazahmed,Finnish,Finnish,fin,80,80,1,Unknown,fin_unknown,Translated by Unknown in Finnish,https://cdn.jsdelivr.net/gh/fawazahmed0/quran-api@1/editions/fin-unknown.json
"France, Canada, Belgium, Switzerland",Yes,fawazahmed,French,French,fra,81,81,1,Islamic Foundation,fra_islamicfoundati,Translated by Islamic Foundation in French,https://cdn.jsdelivr.net/gh/fawazahmed0/quran-api@1/editions/fra-islamicfoundati.json
"France, Canada, Belgium, Switzerland",Yes,fawazahmed,French,French,fra,81,81,1,Muhammad Hameedullah,fra_muhammadhameedu,Translated by Muhammad Hameedullah in French,https://cdn.jsdelivr.net/gh/fawazahmed0/quran-api@1/editions/fra-muhammadhameedu.json
"France, Canada, Belgium, Switzerland",Yes,fawazahmed,French,French,fra,81,81,1,Muhammad Hamidullah,fra_muhammadhamidul,Translated by Muhammad Hamidullah in French,https://cdn.jsdelivr.net/gh/fawazahmed0/quran-api@1/editions/fra-muhammadhamidul.json
"France, Canada, Belgium, Switzerland",Yes,fawazahmed,French,French,fra,81,81,1,Rashid Maash,fra_rashidmaash,Translated by Rashid Maash in French,https://cdn.jsdelivr.net/gh/fawazahmed0/quran-api@1/editions/fra-rashidmaash.json
"France, Canada, Belgium, Switzerland",Yes,fawazahmed,French,French,fra,81,81,1,Shahnaz Saidi Benbetka,fra_shahnazsaidiben,Translated by Shahnaz Saidi Benbetka in French,https://cdn.jsdelivr.net/gh/fawazahmed0/quran-api@1/editions/fra-shahnazsaidiben.json
"Guinea, Mali, Senegal, Mauritania",Mixed,fawazahmed,Fulah,Fulah,ful,82,82,1,Rowad Translation Center And Islamhouse,ful_rowadtranslatio,Translated by Rowad Translation Center And Islamhouse in Fulah,https://cdn.jsdelivr.net/gh/fawazahmed0/quran-api@1/editions/ful-rowadtranslatio.json
India,Yes,fawazahmed,Hindi,Hindi,hin,42,42,1,Muhammad Farooq Khan And Muhammad Ahmed,hin_muhammadfarooqk,Translated by Muhammad Farooq Khan And Muhammad Ahmed in Hindi,https://cdn.jsdelivr.net/gh/fawazahmed0/quran-api@1/editions/hin-muhammadfarooqk.json
India,Yes,fawazahmed,Hindi,Hindi,hin,42,42,1,Suhel Farooq Khan And Saifur Rahman Nadwi,hin_suhelfarooqkhan,Translated by Suhel Farooq Khan And Saifur Rahman Nadwi in Hindi,https://cdn.jsdelivr.net/gh/fawazahmed0/quran-api@1/editions/hin-suhelfarooqkhan.json
Croatia,Yes,fawazahmed,Croatian,Croatian,hrv,19,19,1,Unknown,hrv_unknown,Translated by Unknown in Croatian,https://cdn.jsdelivr.net/gh/fawazahmed0/quran-api@1/editions/hrv-unknown.json
Hungary,Yes,fawazahmed,Hungarian,Hungarian,hun,83,83,1,Dr. Ahmed Abdel Rahman Okfat Tashaab,hun_drahmedabdelrah,Translated by Dr. Ahmed Abdel Rahman Okfat Tashaab in Hungarian,https://cdn.jsdelivr.net/gh/fawazahmed0/quran-api@1/editions/hun-drahmedabdelrah.json
Indonesia,No,fawazahmed,Indonesian,Indonesian,ind,26,26,1,Jalal Ad Din Al Mahalli And Jalal Ad Din As Suyuti,ind_jalaladdinalmah,Translated by Jalal Ad Din Al Mahalli And Jalal Ad Din As Suyuti in Indonesian,https://cdn.jsdelivr.net/gh/fawazahmed0/quran-api@1/editions/ind-jalaladdinalmah.json
Indonesia,No,fawazahmed,Indonesian,Indonesian,ind,26,26,1,King Fahd Complex,ind_kingfahdcomplex,Translated by King Fahd Complex in Indonesian,https://cdn.jsdelivr.net/gh/fawazahmed0/quran-api@1/editions/ind-kingfahdcomplex.json
Indonesia,No,fawazahmed,Indonesian,Indonesian,ind,26,26,1,Muhammad Quraish Shihab Et Al.,ind_muhammadquraish,Translated by Muhammad Quraish Shihab Et Al. in Indonesian,https://cdn.jsdelivr.net/gh/fawazahmed0/quran-api@1/editions/ind-muhammadquraish.json
Indonesia,No,fawazahmed,Indonesian,Indonesian,ind,26,26,1,Unknown,ind_unknown,Translated by Unknown in Indonesian,https://cdn.jsdelivr.net/gh/fawazahmed0/quran-api@1/editions/ind-unknown.json
Italy,Yes,fawazahmed,Italian,Italian,ita,7,7,1,Hamza Roberto Piccardo,ita_hamzarobertopic,Translated by Hamza Roberto Piccardo in Italian,https://cdn.jsdelivr.net/gh/fawazahmed0/quran-api@1/editions/ita-hamzarobertopic.json
Indonesia,No,fawazahmed,Javanese,Javanese,jav,26,26,1,Unknown,jav_unknown,Translated by Unknown in Javanese,https://cdn.jsdelivr.net/gh/fawazahmed0/quran-api@1/editions/jav-unknown.json
Japan,No,fawazahmed,Japanese,Javanese,jpn,30,30,1,Ryoichi Mita,jpn_ryoichimita,Translated by Ryoichi Mita in Japanese,https://cdn.jsdelivr.net/gh/fawazahmed0/quran-api@1/editions/jpn-ryoichimita.json
India (Karnataka state),Yes,fawazahmed,Kannada,Kannada,kan,42,42,1,Abdussalam Puthige,kan_abdussalamputhi,Translated by Abdussalam Puthige in Kannada,https://cdn.jsdelivr.net/gh/fawazahmed0/quran-api@1/editions/kan-abdussalamputhi.json
Rwanda,Yes,fawazahmed,Kinyarwanda,Kinyarwanda,kin,58,58,1,R. M. C. Rwanda,kin_rmcrwanda,Translated by R. M. C. Rwanda in Kinyarwanda,https://cdn.jsdelivr.net/gh/fawazahmed0/quran-api@1/editions/kin-rmcrwanda.json
"Turkey, Syria, Iraq, Armenia",Mixed,fawazahmed,Kurmanji,Kurmanji,kmr,38,38,1,Unknown,kmr_unknown,Translated by Unknown in Kurmanji,https://cdn.jsdelivr.net/gh/fawazahmed0/quran-api@1/editions/kmr-unknown.json
"Indonesia, Malaysia",No,fawazahmed,Kendayan,Kendayan,knx,84,84,1,Unknown,knx_unknown,Translated by Unknown in Kendayan,https://cdn.jsdelivr.net/gh/fawazahmed0/quran-api@1/editions/knx-unknown.json
South Korea and North Korea,Yes,fawazahmed,Korean,Korean,kor,85,85,1,Unknown,kor_unknown,Translated by Unknown in Korean,https://cdn.jsdelivr.net/gh/fawazahmed0/quran-api@1/editions/kor-unknown.json
"Iraq, Iran, Syria, Turkey",No,fawazahmed,Kurdish,Kurdish,kur,37,37,1,Burhan Muhammad Amin,kur_burhanmuhammada,Translated by Burhan Muhammad Amin in Kurdish,https://cdn.jsdelivr.net/gh/fawazahmed0/quran-api@1/editions/kur-burhanmuhammada.json
Vatican City,Yes,fawazahmed,Latin,Latin,lat,86,86,1,Hadi Abdollahian,lat_hadiabdollahian,Translated by Hadi Abdollahian in Latin,https://cdn.jsdelivr.net/gh/fawazahmed0/quran-api@1/editions/lat-hadiabdollahian.json
Uganda (Baganda region),Yes,fawazahmed,Ganda,Ganda,lug,87,87,1,Fareeq Musa,lug_fareeqmusa,Translated by Fareeq Musa in Ganda,https://cdn.jsdelivr.net/gh/fawazahmed0/quran-api@1/editions/lug-fareeqmusa.json
Kenya,Yes,fawazahmed,Luyia,Luyia,luy,54,54,1,"Mohammad Ramadhan Sebwa, Ramadhan Hajj Ndeka, Ismail Were, Musa Murasi Salim Kukuya, Yusuf Shiundu Malala, Yahya Wafula Ojwang, Haroon Albert Msah",luy_mohammadramadha,"Translated by Mohammad Ramadhan Sebwa, Ramadhan Hajj Ndeka, Ismail Were, Musa Murasi Salim Kukuya, Yusuf Shiundu Malala, Yahya Wafula Ojwang, Haroon Albert Msah in Luyia",https://cdn.jsdelivr.net/gh/fawazahmed0/quran-api@1/editions/luy-mohammadramadha.json
India (Kerala region),Yes,fawazahmed,Malayalam,Malayalam,mal,42,42,1,Abdul Hameed Madani And Kunhi Mohammed,mal_abdulhameedmada,Translated by Abdul Hameed Madani And Kunhi Mohammed in Malayalam,https://cdn.jsdelivr.net/gh/fawazahmed0/quran-api@1/editions/mal-abdulhameedmada.json
India (Kerala region),Yes,fawazahmed,Malayalam,Malayalam,mal,42,42,1,Cheriyamundam Abdul Hameed And Kunhi Mohammed Parappoor,mal_cheriyamundamab,Translated by Cheriyamundam Abdul Hameed And Kunhi Mohammed Parappoor in Malayalam,https://cdn.jsdelivr.net/gh/fawazahmed0/quran-api@1/editions/mal-cheriyamundamab.json
India (Kerala region),Yes,fawazahmed,Malayalam,Malayalam,mal,42,42,1,Muhammad Karakunnu And Vanidas Elayavoor,mal_muhammadkarakun,Translated by Muhammad Karakunnu And Vanidas Elayavoor in Malayalam,https://cdn.jsdelivr.net/gh/fawazahmed0/quran-api@1/editions/mal-muhammadkarakun.json
North Macedonia,Yes,fawazahmed,Macedonian,Macedonian,mkd,14,14,1,Macedonian Scholars,mkd_macedonianschol,Translated by Macedonian Scholars in Macedonian,https://cdn.jsdelivr.net/gh/fawazahmed0/quran-api@1/editions/mkd-macedonianschol.json
North Macedonia,Yes,fawazahmed,Macedonian,Macedonian,mkd,14,14,1,Sheikh Hassan Gilo,mkd_sheikhhassangil,Translated by Sheikh Hassan Gilo in Macedonian,https://cdn.jsdelivr.net/gh/fawazahmed0/quran-api@1/editions/mkd-sheikhhassangil.json
Malta,Yes,fawazahmed,Maltese,Maltese,mlt,88,88,1,"Martin R. Zammit, Muhammad El Sadi",mlt_martinrzammitmu,"Translated by Martin R. Zammit, Muhammad El Sadi in Maltese",https://cdn.jsdelivr.net/gh/fawazahmed0/quran-api@1/editions/mlt-martinrzammitmu.json
Philippines,Yes,fawazahmed,Maranao,Maranao,mrw,27,27,1,Guro Alim Saromantang,mrw_guroalimsaroman,Translated by Guro Alim Saromantang in Maranao,https://cdn.jsdelivr.net/gh/fawazahmed0/quran-api@1/editions/mrw-guroalimsaroman.json
Myanmar,Yes,fawazahmed,Burmese,Burmese,mya,89,89,1,Alin U Yin,mya_alinuyin,Translated by Alin U Yin in Burmese,https://cdn.jsdelivr.net/gh/fawazahmed0/quran-api@1/editions/mya-alinuyin.json
Myanmar,Yes,fawazahmed,Burmese,Burmese,mya,89,89,1,Ba Sein,mya_basein,Translated by Ba Sein in Burmese,https://cdn.jsdelivr.net/gh/fawazahmed0/quran-api@1/editions/mya-basein.json
Myanmar,Yes,fawazahmed,Burmese,Burmese,mya,89,89,1,Ghazi Mohammad Hashim,mya_ghazimohammadha,Translated by Ghazi Mohammad Hashim in Burmese,https://cdn.jsdelivr.net/gh/fawazahmed0/quran-api@1/editions/mya-ghazimohammadha.json
Myanmar,Yes,fawazahmed,Burmese,Burmese,mya,89,89,1,Hashim Tin Myint,mya_hashimtinmyint,Translated by Hashim Tin Myint in Burmese,https://cdn.jsdelivr.net/gh/fawazahmed0/quran-api@1/editions/mya-hashimtinmyint.json
"Netherlands, Belgium",Yes,fawazahmed,Dutch,Dutch,nld,90,90,1,Fred Leemhuis,nld_fredleemhuis,Translated by Fred Leemhuis in Dutch,https://cdn.jsdelivr.net/gh/fawazahmed0/quran-api@1/editions/nld-fredleemhuis.json
"Netherlands, Belgium",Yes,fawazahmed,Dutch,Dutch,nld,90,90,1,Salomo Keyzer,nld_salomokeyzer,Translated by Salomo Keyzer in Dutch,https://cdn.jsdelivr.net/gh/fawazahmed0/quran-api@1/editions/nld-salomokeyzer.json
"Netherlands, Belgium",Yes,fawazahmed,Dutch,Dutch,nld,90,90,1,Sofian S. Siregar,nld_sofianssiregar,Translated by Sofian S. Siregar in Dutch,https://cdn.jsdelivr.net/gh/fawazahmed0/quran-api@1/editions/nld-sofianssiregar.json
"Netherlands, Belgium",Yes,fawazahmed,Dutch,Dutch,nld,90,90,1,Van De Taal,nld_unknown,Translated by Van De Taal in Dutch,https://cdn.jsdelivr.net/gh/fawazahmed0/quran-api@1/editions/nld-unknown.json
Norway,Yes,fawazahmed,Norwegian,Norwegian,nor,91,91,1,Einar Berg,nor_einarberg,Translated by Einar Berg in Norwegian,https://cdn.jsdelivr.net/gh/fawazahmed0/quran-api@1/editions/nor-einarberg.json
Malawi,Yes,fawazahmed,Chichewa,Chichewa,nya,92,92,1,Al Haji Yusuf Muhammad Kanyamula,nya_alhajiyusufmuha,Translated by Al Haji Yusuf Muhammad Kanyamula in Chichewa,https://cdn.jsdelivr.net/gh/fawazahmed0/quran-api@1/editions/nya-alhajiyusufmuha.json
"India (Punjab state), Pakistan",Mixed,fawazahmed,Panjabi,Panjabi,pan,93,93,1,"Dr. Muhamad Habib, Bhai Harpreet Singh, Maulana Wahiduddin Khan",pan_drmuhamadhabibb,"Translated by Dr. Muhamad Habib, Bhai Harpreet Singh, Maulana Wahiduddin Khan in Panjabi",https://cdn.jsdelivr.net/gh/fawazahmed0/quran-api@1/editions/pan-drmuhamadhabibb.json
Poland,Yes,fawazahmed,Polish,Polish,pol,94,94,1,Jozefa Bielawskiego,pol_jozefabielawski,Translated by Jozefa Bielawskiego in Polish,https://cdn.jsdelivr.net/gh/fawazahmed0/quran-api@1/editions/pol-jozefabielawski.json
"Portugal, Brazil, Angola, Mozambique, Cape Verde, Guinea-Bissau, São Tomé, Príncipe, East Timor",Yes,fawazahmed,Portuguese,Portuguese,por,95,95,1,Samir El Hayek,por_samirelhayek,Translated by Samir El Hayek in Portuguese,https://cdn.jsdelivr.net/gh/fawazahmed0/quran-api@1/editions/por-samirelhayek.json
"Afghanistan, Pakistan",No,fawazahmed,Pushto,Pushto,pus,39,39,1,Abdulwali Khan,pus_abdulwalikhan,Translated by Abdulwali Khan in Pushto,https://cdn.jsdelivr.net/gh/fawazahmed0/quran-api@1/editions/pus-abdulwalikhan.json
Romania,Yes,fawazahmed,Romanian,Romanian,ron,9,9,1,George Grigore,ron_georgegrigore,Translated by George Grigore in Romanian,https://cdn.jsdelivr.net/gh/fawazahmed0/quran-api@1/editions/ron-georgegrigore.json
Romania,Yes,fawazahmed,Romanian,Romanian,ron,9,9,1,Hadi Abdollahian,ron_hadiabdollahian,Translated by Hadi Abdollahian in Romanian,https://cdn.jsdelivr.net/gh/fawazahmed0/quran-api@1/editions/ron-hadiabdollahian.json
Romania,Yes,fawazahmed,Romanian,Romanian,ron,9,9,1,Unknown,ron_unknown,Translated by Unknown in Romanian,https://cdn.jsdelivr.net/gh/fawazahmed0/quran-api@1/editions/ron-unknown.json
Burundi,Yes,fawazahmed,Rundi,Rundi,run,59,59,1,Sheikh Amissi Radjabu Ntamba,run_sheikhamissirad,Translated by Sheikh Amissi Radjabu Ntamba in Rundi,https://cdn.jsdelivr.net/gh/fawazahmed0/quran-api@1/editions/run-sheikhamissirad.json
Russia,Yes,fawazahmed,Russian,Russian,rus,17,17,1,Elmir Kuliev,rus_elmirkuliev,Translated by Elmir Kuliev in Russian,https://cdn.jsdelivr.net/gh/fawazahmed0/quran-api@1/editions/rus-elmirkuliev.json
Russia,Yes,fawazahmed,Russian,Russian,rus,17,17,1,Gordy Semyonovich Sablukov,rus_gordysemyonovic,Translated by Gordy Semyonovich Sablukov in Russian,https://cdn.jsdelivr.net/gh/fawazahmed0/quran-api@1/editions/rus-gordysemyonovic.json
Russia,Yes,fawazahmed,Russian,Russian,rus,17,17,1,Ignaty Yulianovich Krachkovsky,rus_ignatyyulianovi,Translated by Ignaty Yulianovich Krachkovsky in Russian,https://cdn.jsdelivr.net/gh/fawazahmed0/quran-api@1/editions/rus-ignatyyulianovi.json
Russia,Yes,fawazahmed,Russian,Russian,rus,17,17,1,Magomed Nuri Osmanovich Osmanov,rus_magomednuriosma,Translated by Magomed Nuri Osmanovich Osmanov in Russian,https://cdn.jsdelivr.net/gh/fawazahmed0/quran-api@1/editions/rus-magomednuriosma.json
Russia,Yes,fawazahmed,Russian,Russian,rus,17,17,1,"Ministry Of Awqaf, Egypt",rus_ministryofawqaf,"Translated by Ministry Of Awqaf, Egypt in Russian",https://cdn.jsdelivr.net/gh/fawazahmed0/quran-api@1/editions/rus-ministryofawqaf.json
Russia,Yes,fawazahmed,Russian,Russian,rus,17,17,1,V. Porokhova,rus_vporokhova,Translated by V. Porokhova in Russian,https://cdn.jsdelivr.net/gh/fawazahmed0/quran-api@1/editions/rus-vporokhova.json
Sri Lanka,Yes,fawazahmed,Sinhala,Sinhala,sin,46,46,1,"Naseem Ismail And Masoor Maulana, Kaleel",sin_naseemismailand,"Translated by Naseem Ismail And Masoor Maulana, Kaleel in Sinhala",https://cdn.jsdelivr.net/gh/fawazahmed0/quran-api@1/editions/sin-naseemismailand.json
Sri Lanka,Yes,fawazahmed,Sinhala,Sinhala,sin,46,46,1,Www.islamhouse.com,sin_wwwislamhouseco,Translated by Www.islamhouse.com in Sinhala,https://cdn.jsdelivr.net/gh/fawazahmed0/quran-api@1/editions/sin-wwwislamhouseco.json
Slovakia,Yes,fawazahmed,Slovak,Slovak,slk,96,96,1,Hadi Abdollahian,slk_hadiabdollahian,Translated by Hadi Abdollahian in Slovak,https://cdn.jsdelivr.net/gh/fawazahmed0/quran-api@1/editions/slk-hadiabdollahian.json
Zimbabwe,Yes,fawazahmed,Shona,Shona,sna,97,97,1,Abdullah J. M. Adini And Students,sna_abdullahjmadini,Translated by Abdullah J. M. Adini And Students in Shona,https://cdn.jsdelivr.net/gh/fawazahmed0/quran-api@1/editions/sna-abdullahjmadini.json
"Pakistan, India",No,fawazahmed,Sindhi,Sindhi,snd,41,41,1,Taj Mehmood Amroti,snd_tajmehmoodamrot,Translated by Taj Mehmood Amroti in Sindhi,https://cdn.jsdelivr.net/gh/fawazahmed0/quran-api@1/editions/snd-tajmehmoodamrot.json
Somalia,No,fawazahmed,Somali,Somali,som,49,49,1,Abdullah Hasan Jacob,som_abdullahhasanja,Translated by Abdullah Hasan Jacob in Somali,https://cdn.jsdelivr.net/gh/fawazahmed0/quran-api@1/editions/som-abdullahhasanja.json
Somalia,No,fawazahmed,Somali,Somali,som,49,49,1,Mahmud Muhammad Abduh,som_mahmudmuhammada,Translated by Mahmud Muhammad Abduh in Somali,https://cdn.jsdelivr.net/gh/fawazahmed0/quran-api@1/editions/som-mahmudmuhammada.json
Somalia,No,fawazahmed,Somali,Somali,som,49,49,1,Shaykh Mahmood Muhammad Abdu,som_shaykhmahmoodmu,Translated by Shaykh Mahmood Muhammad Abdu in Somali,https://cdn.jsdelivr.net/gh/fawazahmed0/quran-api@1/editions/som-shaykhmahmoodmu.json
"Lesotho, South Africa",Yes,fawazahmed,Sotho,Sotho,sot,98,98,1,Sheikh Elias Keketso Lelia,sot_sheikheliaskeke,Translated by Sheikh Elias Keketso Lelia in Sotho,https://cdn.jsdelivr.net/gh/fawazahmed0/quran-api@1/editions/sot-sheikheliaskeke.json
Spain,Yes,fawazahmed,Spanish,Spanish,spa,3,3,1,"Abdul Qader Mouheddine, Sirhan Ali Sanchez.",spa_abdulqadermouhe,"Translated by Abdul Qader Mouheddine, Sirhan Ali Sanchez. in Spanish",https://cdn.jsdelivr.net/gh/fawazahmed0/quran-api@1/editions/spa-abdulqadermouhe.json
Spain,Yes,fawazahmed,Spanish,Spanish,spa,3,3,1,Islamic Foundation,spa_islamicfoundati,Translated by Islamic Foundation in Spanish,https://cdn.jsdelivr.net/gh/fawazahmed0/quran-api@1/editions/spa-islamicfoundati.json
Spain,Yes,fawazahmed,Spanish,Spanish,spa,3,3,1,Julio Cortes,spa_juliocortes,Translated by Julio Cortes in Spanish,https://cdn.jsdelivr.net/gh/fawazahmed0/quran-api@1/editions/spa-juliocortes.json
Spain,Yes,fawazahmed,Spanish,Spanish,spa,3,3,1,Muhammad Asad Abdurrasak Perez,spa_muhammadasadabd,Translated by Muhammad Asad Abdurrasak Perez in Spanish,https://cdn.jsdelivr.net/gh/fawazahmed0/quran-api@1/editions/spa-muhammadasadabd.json
Spain,Yes,fawazahmed,Spanish,Spanish,spa,3,3,1,Raul Gonzalez Bornez,spa_raulgonzalezbor,Translated by Raul Gonzalez Bornez in Spanish,https://cdn.jsdelivr.net/gh/fawazahmed0/quran-api@1/editions/spa-raulgonzalezbor.json
"Albania, Kosovo",Mixed,fawazahmed,Albanian,Albanian,sqi,15,15,1,Feti Mehdiu,sqi_fetimehdiu,Translated by Feti Mehdiu in Albanian,https://cdn.jsdelivr.net/gh/fawazahmed0/quran-api@1/editions/sqi-fetimehdiu.json
"Albania, Kosovo",Mixed,fawazahmed,Albanian,Albanian,sqi,15,15,1,Hasan Efendi Nahi,sqi_hasanefendinahi,Translated by Hasan Efendi Nahi in Albanian,https://cdn.jsdelivr.net/gh/fawazahmed0/quran-api@1/editions/sqi-hasanefendinahi.json
"Albania, Kosovo",Mixed,fawazahmed,Albanian,Albanian,sqi,15,15,1,Sherif Ahmeti,sqi_sherifahmeti,Translated by Sherif Ahmeti in Albanian,https://cdn.jsdelivr.net/gh/fawazahmed0/quran-api@1/editions/sqi-sherifahmeti.json
"Albania, Kosovo",Mixed,fawazahmed,Albanian,Albanian,sqi,15,15,1,Unknown,sqi_unknown,Translated by Unknown in Albanian,https://cdn.jsdelivr.net/gh/fawazahmed0/quran-api@1/editions/sqi-unknown.json
Sweden,Yes,fawazahmed,Swedish,Swedish,swe,99,99,1,Knut Bernstrom,swe_knutbernstrom,Translated by Knut Bernstrom in Swedish,https://cdn.jsdelivr.net/gh/fawazahmed0/quran-api@1/editions/swe-knutbernstrom.json
"India, Sri Lanka",Yes,fawazahmed,Tamil,Tamil,tam,45,45,1,Jan Turst Foundation,tam_janturstfoundat,Translated by Jan Turst Foundation in Tamil,https://cdn.jsdelivr.net/gh/fawazahmed0/quran-api@1/editions/tam-janturstfoundat.json
Russia(Republic of Tatarstan),No,fawazahmed,Tatar,Tatar,tat,17,17,1,Yakub Ibn Nugman,tat_yakubibnnugman,Translated by Yakub Ibn Nugman in Tatar,https://cdn.jsdelivr.net/gh/fawazahmed0/quran-api@1/editions/tat-yakubibnnugman.json
India (Andhra Pradesh and Telangana state),Yes,fawazahmed,Telugu,Telugu,tel,42,42,1,Abdul Raheem Mohammad Moulana,tel_abdulraheemmoha,Translated by Abdul Raheem Mohammad Moulana in Telugu,https://cdn.jsdelivr.net/gh/fawazahmed0/quran-api@1/editions/tel-abdulraheemmoha.json
India (Andhra Pradesh and Telangana state),Yes,fawazahmed,Telugu,Telugu,tel,42,42,1,Muhammad Aziz Ur Rehman,tel_muhammadazizurr,Translated by Muhammad Aziz Ur Rehman in Telugu,https://cdn.jsdelivr.net/gh/fawazahmed0/quran-api@1/editions/tel-muhammadazizurr.json
Tajikistan,No,fawazahmed,Tajik,Tajik,tgk,24,24,1,Abdolmohammad Ayati,tgk_abdolmohammaday,Translated by Abdolmohammad Ayati in Tajik,https://cdn.jsdelivr.net/gh/fawazahmed0/quran-api@1/editions/tgk-abdolmohammaday.json
Tajikistan,No,fawazahmed,Tajik,Tajik,tgk,24,24,1,Www.islamhouse.com,tgk_wwwislamhouseco,Translated by Www.islamhouse.com in Tajik,https://cdn.jsdelivr.net/gh/fawazahmed0/quran-api@1/editions/tgk-wwwislamhouseco.json
Thailand,Yes,fawazahmed,Thai,Thai,tha,33,33,1,King Fahad Quran Complex,tha_kingfahadquranc,Translated by King Fahad Quran Complex in Thai,https://cdn.jsdelivr.net/gh/fawazahmed0/quran-api@1/editions/tha-kingfahadquranc.json
Turkey,No,fawazahmed,Turkish,Turkish,tur,11,11,1,Abdulbaki Golpinarli,tur_abdulbakigolpin,Translated by Abdulbaki Golpinarli in Turkish,https://cdn.jsdelivr.net/gh/fawazahmed0/quran-api@1/editions/tur-abdulbakigolpin.json
Turkey,No,fawazahmed,Turkish,Turkish,tur,11,11,1,Adem Ugur,tur_ademugur,Translated by Adem Ugur in Turkish,https://cdn.jsdelivr.net/gh/fawazahmed0/quran-api@1/editions/tur-ademugur.json
Turkey,No,fawazahmed,Turkish,Turkish,tur,11,11,1,Ali Bulac,tur_alibulac,Translated by Ali Bulac in Turkish,https://cdn.jsdelivr.net/gh/fawazahmed0/quran-api@1/editions/tur-alibulac.json
Turkey,No,fawazahmed,Turkish,Turkish,tur,11,11,1,Ali Fikri Yavuz,tur_alifikriyavuz,Translated by Ali Fikri Yavuz in Turkish,https://cdn.jsdelivr.net/gh/fawazahmed0/quran-api@1/editions/tur-alifikriyavuz.json
Turkey,No,fawazahmed,Turkish,Turkish,tur,11,11,1,Celal Y Ld R M,tur_celalyldrm,Translated by Celal Y Ld R M in Turkish,https://cdn.jsdelivr.net/gh/fawazahmed0/quran-api@1/editions/tur-celalyldrm.json
Turkey,No,fawazahmed,Turkish,Turkish,tur,11,11,1,Diyanet Isleri,tur_diyanetisleri,Translated by Diyanet Isleri in Turkish,https://cdn.jsdelivr.net/gh/fawazahmed0/quran-api@1/editions/tur-diyanetisleri.json
Turkey,No,fawazahmed,Turkish,Turkish,tur,11,11,1,Diyanet Vakfi,tur_diyanetvakfi,Translated by Diyanet Vakfi in Turkish,https://cdn.jsdelivr.net/gh/fawazahmed0/quran-api@1/editions/tur-diyanetvakfi.json
Turkey,No,fawazahmed,Turkish,Turkish,tur,11,11,1,Edip Yuksel,tur_edipyuksel,Translated by Edip Yuksel in Turkish,https://cdn.jsdelivr.net/gh/fawazahmed0/quran-api@1/editions/tur-edipyuksel.json
Turkey,No,fawazahmed,Turkish,Turkish,tur,11,11,1,Elmalili Hamdi Yazir,tur_elmalilihamdiya,Translated by Elmalili Hamdi Yazir in Turkish,https://cdn.jsdelivr.net/gh/fawazahmed0/quran-api@1/editions/tur-elmalilihamdiya.json
Turkey,No,fawazahmed,Turkish,Turkish,tur,11,11,1,Fizilal Il Kuran,tur_fizilalilkuran,Translated by Fizilal Il Kuran in Turkish,https://cdn.jsdelivr.net/gh/fawazahmed0/quran-api@1/editions/tur-fizilalilkuran.json
Turkey,No,fawazahmed,Turkish,Turkish,tur,11,11,1,Gultekin Onan,tur_gultekinonan,Translated by Gultekin Onan in Turkish,https://cdn.jsdelivr.net/gh/fawazahmed0/quran-api@1/editions/tur-gultekinonan.json
Turkey,No,fawazahmed,Turkish,Turkish,tur,11,11,1,Hasan Basri Cantay,tur_hasanbasricanta,Translated by Hasan Basri Cantay in Turkish,https://cdn.jsdelivr.net/gh/fawazahmed0/quran-api@1/editions/tur-hasanbasricanta.json
Turkey,No,fawazahmed,Turkish,Turkish,tur,11,11,1,Ibni Kesir,tur_ibnikesir,Translated by Ibni Kesir in Turkish,https://cdn.jsdelivr.net/gh/fawazahmed0/quran-api@1/editions/tur-ibnikesir.json
Turkey,No,fawazahmed,Turkish,Turkish,tur,11,11,1,Iskender Ali Mihr,tur_iskenderalimihr,Translated by Iskender Ali Mihr in Turkish,https://cdn.jsdelivr.net/gh/fawazahmed0/quran-api@1/editions/tur-iskenderalimihr.json
Turkey,No,fawazahmed,Turkish,Turkish,tur,11,11,1,Latin Alphabet,tur_latinalphabet,Translated by Latin Alphabet in Turkish,https://cdn.jsdelivr.net/gh/fawazahmed0/quran-api@1/editions/tur-latinalphabet.json
Turkey,No,fawazahmed,Turkish,Turkish,tur,11,11,1,Muhammed Esed,tur_muhammedesed,Translated by Muhammed Esed in Turkish,https://cdn.jsdelivr.net/gh/fawazahmed0/quran-api@1/editions/tur-muhammedesed.json
Turkey,No,fawazahmed,Turkish,Turkish,tur,11,11,1,Muhammet Abay,tur_muhammetabay,Translated by Muhammet Abay in Turkish,https://cdn.jsdelivr.net/gh/fawazahmed0/quran-api@1/editions/tur-muhammetabay.json
Turkey,No,fawazahmed,Turkish,Turkish,tur,11,11,1,Muslim Shahin,tur_muslimshahin,Translated by Muslim Shahin in Turkish,https://cdn.jsdelivr.net/gh/fawazahmed0/quran-api@1/editions/tur-muslimshahin.json
Turkey,No,fawazahmed,Turkish,Turkish,tur,11,11,1,Saban Piris,tur_sabanpiris,Translated by Saban Piris in Turkish,https://cdn.jsdelivr.net/gh/fawazahmed0/quran-api@1/editions/tur-sabanpiris.json
Turkey,No,fawazahmed,Turkish,Turkish,tur,11,11,1,Shaban Britch,tur_shabanbritch,Translated by Shaban Britch in Turkish,https://cdn.jsdelivr.net/gh/fawazahmed0/quran-api@1/editions/tur-shabanbritch.json
Turkey,No,fawazahmed,Turkish,Turkish,tur,11,11,1,Suat Yildirim,tur_suatyildirim,Translated by Suat Yildirim in Turkish,https://cdn.jsdelivr.net/gh/fawazahmed0/quran-api@1/editions/tur-suatyildirim.json
Turkey,No,fawazahmed,Turkish,Turkish,tur,11,11,1,Suleyman Ates,tur_suleymanates,Translated by Suleyman Ates in Turkish,https://cdn.jsdelivr.net/gh/fawazahmed0/quran-api@1/editions/tur-suleymanates.json
Turkey,No,fawazahmed,Turkish,Turkish,tur,11,11,1,Tefhim Ul Kuran,tur_tefhimulkuran,Translated by Tefhim Ul Kuran in Turkish,https://cdn.jsdelivr.net/gh/fawazahmed0/quran-api@1/editions/tur-tefhimulkuran.json
Turkey,No,fawazahmed,Turkish,Turkish,tur,11,11,1,Www.islamhouse.com,tur_wwwislamhouseco,Translated by Www.islamhouse.com in Turkish,https://cdn.jsdelivr.net/gh/fawazahmed0/quran-api@1/editions/tur-wwwislamhouseco.json
Turkey,No,fawazahmed,Turkish,Turkish,tur,11,11,1,Yasar Nuri Ozturk,tur_yasarnuriozturk,Translated by Yasar Nuri Ozturk in Turkish,https://cdn.jsdelivr.net/gh/fawazahmed0/quran-api@1/editions/tur-yasarnuriozturk.json
Turkey,No,fawazahmed,Turkish,Turkish,tur,11,11,1,Y. N. Ozturk,tur_ynozturk,Translated by Y. N. Ozturk in Turkish,https://cdn.jsdelivr.net/gh/fawazahmed0/quran-api@1/editions/tur-ynozturk.json
Ghana,Yes,fawazahmed,Twi,Twi,twi,61,61,1,Sheikh Haroun Ismaeel,twi_sheikhharounism,Translated by Sheikh Haroun Ismaeel in Twi,https://cdn.jsdelivr.net/gh/fawazahmed0/quran-api@1/editions/twi-sheikhharounism.json
China (Xinjiang region),No,fawazahmed,Uighur,Uighur,uig,29,29,1,Shaykh Muhammad Saleh,uig_shaykhmuhammads,Translated by Shaykh Muhammad Saleh in Uighur,https://cdn.jsdelivr.net/gh/fawazahmed0/quran-api@1/editions/uig-shaykhmuhammads.json
Ukraine,Yes,fawazahmed,Ukrainian,Ukrainian,ukr,21,21,1,Hadi Abdollahian,ukr_hadiabdollahian,Translated by Hadi Abdollahian in Ukrainian,https://cdn.jsdelivr.net/gh/fawazahmed0/quran-api@1/editions/ukr-hadiabdollahian.json
Ukraine,Yes,fawazahmed,Ukrainian,Ukrainian,ukr,21,21,1,Yakubovych,ukr_yakubovych,Translated by Yakubovych in Ukrainian,https://cdn.jsdelivr.net/gh/fawazahmed0/quran-api@1/editions/ukr-yakubovych.json
"Pakistan, India",Mixed,fawazahmed,Urdu,Urdu,urd,41,41,1,Abul A Ala Maududi,urd_abulaalamaududi,Translated by Abul A Ala Maududi in Urdu,https://cdn.jsdelivr.net/gh/fawazahmed0/quran-api@1/editions/urd-abulaalamaududi.json
"Pakistan, India",Mixed,fawazahmed,Urdu,Urdu,urd,41,41,1,Ahmed Ali,urd_ahmedali,Translated by Ahmed Ali in Urdu,https://cdn.jsdelivr.net/gh/fawazahmed0/quran-api@1/editions/urd-ahmedali.json
"Pakistan, India",Mixed,fawazahmed,Urdu,Urdu,urd,41,41,1,Fateh Muhammad Jalandhry,urd_fatehmuhammadja,Translated by Fateh Muhammad Jalandhry in Urdu,https://cdn.jsdelivr.net/gh/fawazahmed0/quran-api@1/editions/urd-fatehmuhammadja.json
"Pakistan, India",Mixed,fawazahmed,Urdu,Urdu,urd,41,41,1,Mahmood Ul Hassan,urd_mahmoodulhassan,Translated by Mahmood Ul Hassan in Urdu,https://cdn.jsdelivr.net/gh/fawazahmed0/quran-api@1/editions/urd-mahmoodulhassan.json
"Pakistan, India",Mixed,fawazahmed,Urdu,Urdu,urd,41,41,1,Muhammad Hussain Najafi,urd_muhammadhussain,Translated by Muhammad Hussain Najafi in Urdu,https://cdn.jsdelivr.net/gh/fawazahmed0/quran-api@1/editions/urd-muhammadhussain.json
"Pakistan, India",Mixed,fawazahmed,Urdu,Urdu,urd,41,41,1,Muhammad Karam Shah Al Azhari,urd_muhammadkaramsh,Translated by Muhammad Karam Shah Al Azhari in Urdu,https://cdn.jsdelivr.net/gh/fawazahmed0/quran-api@1/editions/urd-muhammadkaramsh.json
"Pakistan, India",Mixed,fawazahmed,Urdu,Urdu,urd,41,41,1,Muhammad Tahir Ul Qadri,urd_muhammadtahirul,Translated by Muhammad Tahir Ul Qadri in Urdu,https://cdn.jsdelivr.net/gh/fawazahmed0/quran-api@1/editions/urd-muhammadtahirul.json
"Pakistan, India",Mixed,fawazahmed,Urdu,Urdu,urd,41,41,1,Muhammad Taqi Usmani,urd_muhammadtaqiusm,Translated by Muhammad Taqi Usmani in Urdu,https://cdn.jsdelivr.net/gh/fawazahmed0/quran-api@1/editions/urd-muhammadtaqiusm.json
"Pakistan, India",Mixed,fawazahmed,Urdu,Urdu,urd,41,41,1,Syed Zeeshan Haider Jawadi,urd_syedzeeshanhaid,Translated by Syed Zeeshan Haider Jawadi in Urdu,https://cdn.jsdelivr.net/gh/fawazahmed0/quran-api@1/editions/urd-syedzeeshanhaid.json
Uzbekistan,No,fawazahmed,Uzbek,Uzbek,uzb,23,23,1,Alaaudeen Mansour,uzb_alaaudeenmansou,Translated by Alaaudeen Mansour in Uzbek,https://cdn.jsdelivr.net/gh/fawazahmed0/quran-api@1/editions/uzb-alaaudeenmansou.json
South Africa,Yes,fawazahmed,Xhosa,Xhosa,xho,100,100,1,Imaam Ismaaeel Ngqoyiyana,xho_imaamismaaeelng,Translated by Imaam Ismaaeel Ngqoyiyana in Xhosa,https://cdn.jsdelivr.net/gh/fawazahmed0/quran-api@1/editions/xho-imaamismaaeelng.json
Nigeria,Mixed,fawazahmed,Yoruba,Yoruba,yor,51,51,1,Shaykh Abu Rahimah Mikael Aykyuni,yor_shaykhaburahima,Translated by Shaykh Abu Rahimah Mikael Aykyuni in Yoruba,https://cdn.jsdelivr.net/gh/fawazahmed0/quran-api@1/editions/yor-shaykhaburahima.json
Papua New Guinea,Yes,fawazahmed,Yau,Yau,yuw,101,101,1,Muhammad Bin Abdul Hamid Silika,yuw_muhammadbinabdu,Translated by Muhammad Bin Abdul Hamid Silika in Yau,https://cdn.jsdelivr.net/gh/fawazahmed0/quran-api@1/editions/yuw-muhammadbinabdu.json
"Taiwan, Hong Kong, Macau",Yes,fawazahmed,Chinese(traditional),Chinese(traditional),zho,102,102,1,Anonymous Group Of Translators,zho_anonymousgroupo,Translated by Anonymous Group Of Translators in Chinese(traditional),https://cdn.jsdelivr.net/gh/fawazahmed0/quran-api@1/editions/zho-anonymousgroupo.json
China,Yes,fawazahmed,Chinese(simplified),Chinese(simplified),zho,29,29,1,Ma Jian,zho_majian,Translated by Ma Jian in Chinese(simplified),https://cdn.jsdelivr.net/gh/fawazahmed0/quran-api@1/editions/zho-majian.json
China,Yes,fawazahmed,Chinese(simplified),Chinese(simplified),zho,29,29,1,Ma Zhong Gang,zho_mazhonggang,Translated by Ma Zhong Gang in Chinese(simplified),https://cdn.jsdelivr.net/gh/fawazahmed0/quran-api@1/editions/zho-mazhonggang.json
China,Yes,fawazahmed,Chinese(simplified),Chinese(simplified),zho,29,29,1,Muhammad Makin,zho_muhammadmakin,Translated by Muhammad Makin in Chinese(simplified),https://cdn.jsdelivr.net/gh/fawazahmed0/quran-api@1/editions/zho-muhammadmakin.json
South Africa,Yes,fawazahmed,Zulu,Zulu,zul,100,100,1,"Iqembu Lezifundiswa, Mussa Muhammad Telela , Uthman Mfanafuthi Msomi, Moulana Abdur Rahman Chilipa, Haji Ibrahim Mondli Japhet Mthembu, Moulana Imran Ngcobo, Moulana Eshaaq Osman",zul_iqembulezifundi,"Translated by Iqembu Lezifundiswa, Mussa Muhammad Telela , Uthman Mfanafuthi Msomi, Moulana Abdur Rahman Chilipa, Haji Ibrahim Mondli Japhet Mthembu, Moulana Imran Ngcobo, Moulana Eshaaq Osman in Zulu",https://cdn.jsdelivr.net/gh/fawazahmed0/quran-api@1/editions/zul-iqembulezifundi.json
"Bangladesh, India",Mixed,IslamicDatabase,Bengali,Bengali,bn,43,43,1,Bayan foundation,bn_bayan,Translated by bayan foundation in Bengali,https://raw.githubusercontent.com/SadaqaWorks/IslamicDatabase/refs/heads/master/Quran/Sql/Bangla/bn.bayan.sql
"Bangladesh, India",Mixed,IslamicDatabase,Bengali,Bengali,bn,43,43,1,Mujibur rahman,bn_mujibur,Translated by Mujibur rahman in Bengali,https://raw.githubusercontent.com/SadaqaWorks/IslamicDatabase/refs/heads/master/Quran/Sql/Bangla/bn.mujibur.sql
"Bangladesh, India",Mixed,IslamicDatabase,Bengali,Bengali,bn,43,43,1,Taisirul Quran,bn_taisirul,Translated by Taisirul Quran in Bengali,https://raw.githubusercontent.com/SadaqaWorks/IslamicDatabase/refs/heads/master/Quran/Sql/Bangla/bn.taisirul.sql
"UK, US",Yes,IslamicDatabase,English,English,en,1,1,1,Ahmed Raza Khan,en_ahmedraza,Translated by Ahmed Raza Khan in US,https://github.com/SadaqaWorks/IslamicDatabase/blob/master/Quran/Sql/English/en.ahmedraza.sql
"UK, US",Yes,IslamicDatabase,English,English,en,1,1,1,English Transliteration,en_transliteration,Translated by English Transliteration in US,https://github.com/SadaqaWorks/IslamicDatabase/blob/master/Quran/Sql/English/en.transliteration.sql
"India, Pakistan",Mixed,IslamicDatabase,Urdu,Urdu,ur,44,44,1,Ahmed Raza Khan,ur_kanzuliman,Translated by Ahmed Raza Khan in Urdu,https://github.com/SadaqaWorks/IslamicDatabase/blob/master/Quran/Sql/Urdu/ur.kanzuliman.sql
"Bangladesh, India",Mixed,tafsir_api,Bengali,Bengali,bn,43,43,1,Tafsir Fathul Majid,bn-tafisr-fathul-majid,Translated by AbdulRahman Bin Hasan Al-Alshaikh in Bengali,https://raw.githubusercontent.com/Siamal123/quran_tafsir_api/refs/heads/main/tafsir_bengali_381_Tafsir_Fathul_Majid.json
"UK, US",Yes,tafsir_api,English,English,en,1,1,1,Tafsir Ibn Kathir (abridged),en-tafisr-ibn-kathir,Translated by Hafiz Ibn Kathir in English,https://raw.githubusercontent.com/Siamal123/quran_tafsir_api/refs/heads/main/tafsir_english_169_Tafsir_Ibn_Kathir_abridged.json
Saudi Arabia,No,tafsir_api,Arabic,Arabic,ar,65,65,1,Tafsir Ibn Kathir,ar-tafsir-ibn-kathir,Translated by Tafsir Hafiz Ibn Kathir in Arabic,https://raw.githubusercontent.com/Siamal123/quran_tafsir_api/refs/heads/main/tafsir_arabic_14_Tafsir_Ibn_Kathir.json
"Bangladesh, India",Mixed,tafsir_api,Bengali,Bengali,bn,43,43,1,Tafsir Ibn Kathir,bn-tafseer-ibn-e-kaseer,Translated by Hafiz Ibn Kathir in Bengali,https://raw.githubusercontent.com/Siamal123/quran_tafsir_api/refs/heads/main/tafsir_bengali_164_Tafseer_ibn_Kathir.json
"Bangladesh, India",Mixed,tafsir_api,Bengali,Bengali,bn,43,43,1,Tafseer ibn Kathir,bn-tafseer-ibn-e-kaseer,Translated by Tawheed Publication in Bengali,https://raw.githubusercontent.com/Siamal123/quran_tafsir_api/refs/heads/main/tafsir_bengali_165_Tafsir_Ahsanul_Bayaan.json
"Bangladesh, India",Mixed,tafsir_api,Bengali,Bengali,bn,43,43,1,Tafsir Ahsanul Bayaan,bn-tafsir-ahsanul-bayaan,Translated by Bayaan Foundation in Bengali,https://raw.githubusercontent.com/Siamal123/quran_tafsir_api/refs/heads/main/tafsir_bengali_166_Tafsir_Abu_Bakr_Zakaria.json
"UK, US",Yes,tafsir_api,English,English,en,1,1,1,Maarif-ul-Quran,en-tafsir-maarif-ul-quran,Translated by Mufti Muhammad Shafi in English,https://raw.githubusercontent.com/Siamal123/quran_tafsir_api/refs/heads/main/tafsir_english_168_Maarif_ul_Quran.json
Russia,Yes,tafsir_api,Russian,Russian,ru,17,17,1,Tafseer Al Saddi,ru-tafseer-al-saddi,Translated by Saddi in Russian,https://raw.githubusercontent.com/Siamal123/quran_tafsir_api/refs/heads/main/tafsir_russian_170_Tafseer_Al_Saddi.json
Saudi Arabia,No,tafsir_api,Arabic,Arabic,ar,65,65,1,Tafseer Al Saddi,ar-tafseer-al-saddi,Translated by Saddi in Arabic,https://raw.githubusercontent.com/Siamal123/quran_tafsir_api/refs/heads/main/tafsir_arabic_91_Tafseer_Al_Saddi.json
Saudi Arabia,No,tafsir_api,Arabic,Arabic,ar,65,65,1,Tafseer Al-Baghawi,ar-tafsir-al-baghawi,Translated by Baghawy in Arabic,https://raw.githubusercontent.com/Siamal123/quran_tafsir_api/refs/heads/main/tafsir_arabic_94_Tafseer_Al_Baghawi.json
Saudi Arabia,No,tafsir_api,Arabic,Arabic,ar,65,65,1,Tafsir Al Wasit,ar-tafsir-al-wasit,Translated by Waseet in Arabic,https://raw.githubusercontent.com/Siamal123/quran_tafsir_api/refs/heads/main/tafsir_arabic_93_Tafsir_Al_Wasit.json
Saudi Arabia,No,tafsir_api,Arabic,Arabic,ar,65,65,1,Tafsir al-Tabari,ar-tafsir-al-tabari,Translated by Tafsir al-Tabari in Arabic,https://raw.githubusercontent.com/Siamal123/quran_tafsir_api/refs/heads/main/tafsir_arabic_15_Tafsir_al_Tabari.json
Saudi Arabia,No,tafsir_api,Arabic,Arabic,ar,65,65,1,Tafsir Muyassar,ar-tafsir-muyassar,Translated by Tafsir Tafsir Muyassar in Arabic,https://raw.githubusercontent.com/Siamal123/quran_tafsir_api/refs/heads/main/tafsir_arabic_16_Tafsir_Muyassar.json
Saudi Arabia,No,tafsir_api,Arabic,Arabic,ar,65,65,1,ar-tafseer-al-qurtubi,ar-tafsir-muyassar,Translated by Tafseer Al Qurtubi in Arabic,https://raw.githubusercontent.com/Siamal123/quran_tafsir_api/refs/heads/main/tafsir_arabic_90_Tafseer_Al_Qurtubi.json
"Iraq, Iran, Syria, Turkey",No,tafsir_api,Kurdish,Kurdish,kurd,37,37,1,Rebar Kurdish Tafsir,kurd-tafsir-rebar,Translated by Rebar Kurdish Tafsir in Kurdish,https://raw.githubusercontent.com/Siamal123/quran_tafsir_api/refs/heads/main/tafsir_kurdish_804_Rebar_Kurdish_Tafsir.json
"Pakistan, India",Mixed,tafsir_api,Urdu,Urdu,ur,41,41,1,Tafsir Ibn Kathir,ur-tafseer-ibn-e-kaseer,Translated by Hafiz Ibn Kathir in Urdu,https://raw.githubusercontent.com/Siamal123/quran_tafsir_api/refs/heads/main/tafsir_urdu_160_Tafsir_Ibn_Kathir.json
"Pakistan, India",Mixed,tafsir_api,Urdu,Urdu,ur,41,41,1,Tafsir Bayan ul Quran,ur-tafsir-bayan-ul-quran,Translated by Dr. Israr Ahmad in Urdu,https://raw.githubusercontent.com/Siamal123/quran_tafsir_api/refs/heads/main/tafsir_urdu_159_Tafsir_Bayan_ul_Quran.json
"Pakistan, India",Mixed,tafsir_api,Urdu,Urdu,ur,41,41,1,Tazkirul Quran(Maulana Wahiduddin Khan),ur-tazkirul-quran,Translated by Maulana Wahid Uddin Khan in Urdu,https://raw.githubusercontent.com/Siamal123/quran_tafsir_api/refs/heads/main/tafsir_urdu_818_Tazkirul_QuranMaulana_Wahidudd.json
"UK, US",Yes,tafsir_api,English,English,en,1,1,1,Tazkirul Quran(Maulana Wahiduddin Khan),en-tazkirul-quran,Translated by Maulana Wahid Uddin Khan in English,https://raw.githubusercontent.com/Siamal123/quran_tafsir_api/refs/heads/main/tafsir_english_817_Tazkirul_QuranMaulana_Wahidudd.json